,Year,Team,Rank,GateRevenue,OtherRevenue,TotalRevenues,PlayerExpenses,OtherExpenses,TotalExpenses,Operatingincome,Year2,City,CityPopulation(in thousand),Attendance(in thousand),State,StateMedianIncome(2021$in thousand),WinningTotal
0,2000-2001,Atlanta Hawks,,,,76.0,42.2,28.0,,5.8,2000,Atlanta city,417.534,560.324,Georgia,41.901,25.0
1,2000-2001,Boston Celtics,,,,81.0,49.5,21.7,,9.8,2000,Boston city,591.844,629.201,Massachusetts,46.753,36.0
2,2000-2001,Brooklyn Nets,,,,73.0,59.7,24.6,,-11.3,2000,Brooklyn city,11.513,,New York,40.744,26.0
3,2000-2001,Charlotte Hornets,,,,65.0,49.4,16.1,,-0.5,2000,Charlotte city,577.676,615.424,North Carolina,38.317,46.0
4,2000-2001,Chicago Bulls,,,,117.0,32.7,32.6,,51.7,2000,Chicago city,2891.582,888.654,Illinois,46.064,15.0
5,2000-2001,Cleveland Cavaliers,,,,75.0,47.8,20.1,,7.1,2000,Cleveland city,475.755,650.775,Ohio,42.962,30.0
6,2000-2001,Dallas Mavericks,,,,68.0,59.9,31.5,,-23.4,2000,Dallas city,1188.168,680.138,Texas,38.609,53.0
7,2000-2001,Denver Nuggets,,,,72.0,54.8,24.8,,-7.6,2000,Denver city,555.651,619.3,Colorado,48.24,40.0
8,2000-2001,Detroit Pistons,,,,92.0,40.5,33.5,,18.0,2000,Detroit city,946.24,607.323,Michigan,45.512,32.0
9,2000-2001,Golden State Warriors,,,,69.0,44.9,21.2,,2.9,2000,San Francisco city,777.885,591.981,California,46.816,17.0
10,2000-2001,Houston Rockets,,,,81.0,52.3,24.9,,3.8,2000,Houston city,1974.324,518.555,Texas,38.609,45.0
11,2000-2001,Indiana Pacers,,,,89.0,57.6,30.7,,0.7,2000,Indianapolis city,,733.444,Indiana,40.865,41.0
12,2000-2001,Los Angeles Clippers,,,,68.0,32.6,23.9,,11.5,2000,Los Angeles city,3701.062,599.448,California,46.816,31.0
13,2000-2001,Los Angeles Lakers,,,,144.0,65.1,47.8,,31.1,2000,Los Angeles city,3701.062,776.336,California,46.816,56.0
14,2000-2001,Memphis Grizzlies,,,,53.0,51.2,15.1,,-13.3,2000,Memphis city,688.137,563.218,Tennessee,34.096,23.0
15,2000-2001,Miami Heat,,,,99.0,66.9,30.8,,1.3,2000,Miami city,362.453,677.186,Florida,38.856,50.0
16,2000-2001,Milwaukee Bucks,,,,65.0,60.4,20.9,,-16.3,2000,Milwaukee city,596.382,683.125,Wisconsin,45.088,52.0
17,2000-2001,Minnesota Timberwolves,,,,77.0,50.2,22.6,,4.2,2000,Minneapolis city,383.063,717.371,Minnesota,54.251,47.0
18,2000-2001,New York Knicks,,,,157.0,81.6,46.9,,28.5,2000,New York city,8017.608,810.283,New York,40.744,48.0
19,2000-2001,Oklahoma City Thunder,,,,80.0,53.6,24.3,,2.1,2000,Oklahoma city,,,Oklahoma,32.432,44.0
20,2000-2001,Orlando Magic,,,,76.0,40.0,22.7,,13.3,2000,Orlando city,196.109,605.031,Florida,38.856,43.0
21,2000-2001,Philadelphia 76ers,,,,103.0,53.6,38.3,,11.1,2000,Philadelphia city,1514.563,805.692,Pennsylvania,42.176,56.0
22,2000-2001,Phoenix Suns,,,,102.0,45.5,31.3,,25.2,2000,Phoenix city,1326.682,737.596,Arizona,39.783,51.0
23,2000-2001,Portland Trail Blazers,,,,101.0,89.5,30.8,,-19.3,2000,Portland city,529.845,831.385,Oregon,42.499,50.0
24,2000-2001,Sacramento Kings,,,,87.0,49.1,27.9,,10.0,2000,Sacramento city,408.593,709.997,California,46.816,55.0
25,2000-2001,San Antonio Spurs,,,,82.0,60.2,24.2,,-2.4,2000,San Antonio city,1153.843,913.175,Texas,38.609,58.0
26,2000-2001,Toronto Raptors,,,,75.0,40.9,29.0,,5.1,2000,Toronto city,564.8,793.256,Ontario,,47.0
27,2000-2001,Utah Jazz,,,,88.0,56.7,28.8,,2.5,2000,Salt Lake city,,792.196,Utah,47.55,53.0
28,2000-2001,Washington Wizards,,,,81.0,62.1,24.6,,-5.7,2000,Washington city,572.046,638.653,District of Columbia,41.222,19.0
29,2001-2002,Atlanta Hawks,,,,79.0,46.6,28.2,,4.2,2001,Atlanta city,414.692,506.11,Georgia,42.576,33.0
30,2001-2002,Boston Celtics,,,,96.0,47.8,30.8,,17.4,2001,Boston city,598.208,659.751,Massachusetts,52.253,49.0
31,2001-2002,Brooklyn Nets,,,,91.0,53.9,32.6,,4.5,2001,Brooklyn city,11.496,,New York,42.114,52.0
32,2001-2002,Charlotte Hornets,,,,64.0,50.2,22.1,,-8.3,2001,Charlotte city,591.176,462.738,North Carolina,38.162,44.0
33,2001-2002,Chicago Bulls,,,,115.0,42.9,33.0,,39.1,2001,Chicago city,2874.477,776.311,Illinois,46.171,21.0
34,2001-2002,Cleveland Cavaliers,,,,79.0,46.2,26.9,,5.9,2001,Cleveland city,468.329,596.115,Ohio,41.785,29.0
35,2001-2002,Dallas Mavericks,,,,105.0,58.2,43.6,,3.2,2001,Dallas city,1196.974,802.783,Texas,40.86,57.0
36,2001-2002,Denver Nuggets,,,,75.0,53.4,26.6,,-5.0,2001,Denver city,561.976,633.846,Colorado,49.397,27.0
37,2001-2002,Detroit Pistons,,,,95.0,42.3,39.8,,12.9,2001,Detroit city,927.136,760.807,Michigan,45.047,50.0
38,2001-2002,Golden State Warriors,,,,71.0,47.7,23.9,,-0.6,2001,San Francisco city,780.865,593.182,California,47.262,21.0
39,2001-2002,Houston Rockets,,,,82.0,49.5,25.8,,6.7,2001,Houston city,1979.589,481.227,Texas,40.86,28.0
40,2001-2002,Indiana Pacers,,,,91.0,53.5,34.4,,3.1,2001,Indianapolis city,,686.537,Indiana,40.379,42.0
41,2001-2002,Los Angeles Clippers,,,,73.0,34.2,22.5,,16.3,2001,Los Angeles city,3733.328,740.185,California,47.262,39.0
42,2001-2002,Los Angeles Lakers,,,,152.0,55.7,52.2,,44.1,2001,Los Angeles city,3733.328,778.877,California,47.262,58.0
43,2001-2002,Memphis Grizzlies,,,,66.0,44.9,20.5,,0.6,2001,Memphis city,682.522,591.03,Tennessee,35.783,23.0
44,2001-2002,Miami Heat,,,,96.0,53.1,34.8,,8.1,2001,Miami city,366.81,655.549,Florida,36.421,36.0
45,2001-2002,Milwaukee Bucks,,,,67.0,56.2,19.3,,-8.5,2001,Milwaukee city,595.396,745.305,Wisconsin,45.346,41.0
46,2001-2002,Minnesota Timberwolves,,,,85.0,54.9,21.3,,8.8,2001,Minneapolis city,383.563,731.673,Minnesota,52.681,50.0
47,2001-2002,New York Knicks,,,,156.0,85.7,45.2,,25.1,2001,New York city,8059.813,810.283,New York,42.114,30.0
48,2001-2002,Oklahoma City Thunder,,,,77.0,45.5,25.2,,6.3,2001,Oklahoma city,,,Oklahoma,35.609,45.0
49,2001-2002,Orlando Magic,,,,82.0,47.4,26.4,,8.2,2001,Orlando city,201.276,621.121,Florida,36.421,44.0
50,2001-2002,Philadelphia 76ers,,,,106.0,53.2,34.7,,18.1,2001,Philadelphia city,1505.455,842.976,Pennsylvania,43.499,43.0
51,2001-2002,Phoenix Suns,,,,107.0,55.7,32.8,,18.5,2001,Phoenix city,1342.908,668.939,Arizona,42.704,36.0
52,2001-2002,Portland Trail Blazers,,,,96.0,83.7,35.1,,-22.8,2001,Portland city,535.755,797.821,Oregon,41.273,49.0
53,2001-2002,Sacramento Kings,,,,102.0,55.1,33.4,,13.5,2001,Sacramento city,420.149,709.997,California,47.262,61.0
54,2001-2002,San Antonio Spurs,,,,83.0,46.4,28.3,,8.3,2001,San Antonio city,1161.68,906.39,Texas,40.86,58.0
55,2001-2002,Toronto Raptors,,,,87.0,52.8,29.7,,4.5,2001,Toronto city,557.6,811.135,Ontario,,42.0
56,2001-2002,Utah Jazz,,,,87.0,53.8,31.3,,1.9,2001,Salt Lake city,,766.108,Utah,47.342,44.0
57,2001-2002,Washington Wizards,,,,99.0,53.2,33.1,,12.7,2001,Washington city,574.504,847.634,District of Columbia,41.169,37.0
58,2002-2003,Atlanta Hawks,,17.0,61.0,78.0,59.0,27.4,86.4,-8.4,2002,Atlanta city,407.646,528.655,Georgia,42.939,35.0
59,2002-2003,Boston Celtics,,37.0,60.0,97.0,56.0,15.4,71.4,25.6,2002,Boston city,599.301,709.049,Massachusetts,49.855,44.0
60,2002-2003,Brooklyn Nets,,42.0,52.0,94.0,63.0,32.6,95.6,-1.6,2002,Brooklyn city,11.465,,New York,41.966,49.0
61,2002-2003,Chicago Bulls,,35.0,84.0,119.0,48.0,22.0,70.0,49.0,2002,Chicago city,2847.266,804.309,Illinois,42.71,30.0
62,2002-2003,Cleveland Cavaliers,,15.0,57.0,72.0,53.0,15.2,68.2,3.8,2002,Cleveland city,460.375,471.374,Ohio,42.684,17.0
63,2002-2003,Dallas Mavericks,,48.0,69.0,117.0,75.0,59.7,134.7,-17.7,2002,Dallas city,1190.681,816.429,Texas,40.149,60.0
64,2002-2003,Denver Nuggets,,22.0,53.0,75.0,52.0,15.1,67.1,7.9,2002,Denver city,556.79,607.813,Colorado,48.294,17.0
65,2002-2003,Detroit Pistons,,28.0,74.0,102.0,51.0,27.5,78.5,23.5,2002,Detroit city,905.996,839.278,Michigan,42.715,50.0
66,2002-2003,Golden State Warriors,,23.0,47.0,70.0,51.0,11.2,62.2,7.8,2002,San Francisco city,772.723,634.935,California,47.437,38.0
67,2002-2003,Houston Rockets,,33.0,49.0,82.0,53.0,13.8,66.8,15.2,2002,Houston city,1990.408,565.166,Texas,40.149,43.0
68,2002-2003,Indiana Pacers,,35.0,59.0,94.0,57.0,26.9,83.9,10.1,2002,Indianapolis city,,670.461,Indiana,41.047,48.0
69,2002-2003,Los Angeles Clippers,,25.0,47.0,72.0,46.0,10.1,56.1,15.9,2002,Los Angeles city,3762.432,706.471,California,47.437,27.0
70,2002-2003,Los Angeles Lakers,,61.0,88.0,149.0,66.0,60.2,126.2,22.8,2002,Los Angeles city,3762.432,777.888,California,47.437,50.0
71,2002-2003,Memphis Grizzlies,,25.0,38.0,63.0,54.0,28.7,82.7,-19.7,2002,Memphis city,678.477,611.322,Tennessee,37.03,28.0
72,2002-2003,Miami Heat,,31.0,60.0,91.0,49.0,34.1,83.1,7.9,2002,Miami city,371.246,628.242,Florida,38.024,25.0
73,2002-2003,Milwaukee Bucks,,24.0,46.0,70.0,62.0,23.1,85.1,-15.1,2002,Milwaukee city,595.181,665.966,Wisconsin,45.903,42.0
74,2002-2003,Minnesota Timberwolves,,26.0,59.0,85.0,56.0,22.1,78.1,6.9,2002,Minneapolis city,381.535,643.684,Minnesota,54.622,51.0
75,2002-2003,New Orleans Pelicans,,31.0,49.0,80.0,48.0,10.1,58.1,21.9,2002,New Orleans city,489.722,641.683,Louisiana,34.008,47.0
76,2002-2003,New York Knicks,,66.0,94.0,160.0,80.0,66.5,146.5,13.5,2002,New York city,8072.0,779.479,New York,41.966,37.0
77,2002-2003,Oklahoma City Thunder,,23.0,47.0,70.0,56.0,11.6,67.6,2.4,2002,Oklahoma city,,,Oklahoma,36.458,40.0
78,2002-2003,Orlando Magic,,28.0,52.0,80.0,54.0,12.9,66.9,13.1,2002,Orlando city,205.278,605.901,Florida,38.024,42.0
79,2002-2003,Philadelphia 76ers,,41.0,68.0,109.0,61.0,46.0,107.0,2.0,2002,Philadelphia city,1498.493,807.097,Pennsylvania,42.498,48.0
80,2002-2003,Phoenix Suns,,30.0,79.0,109.0,58.0,29.5,87.5,21.5,2002,Phoenix city,1357.196,666.559,Arizona,39.734,44.0
81,2002-2003,Portland Trail Blazers,,42.0,55.0,97.0,100.0,82.1,182.1,-85.1,2002,Portland city,540.833,796.258,Oregon,41.802,50.0
82,2002-2003,Sacramento Kings,,46.0,56.0,102.0,73.0,45.8,118.8,-16.8,2002,Sacramento city,431.196,709.997,California,47.437,59.0
83,2002-2003,San Antonio Spurs,,41.0,64.0,105.0,56.0,30.5,86.5,18.5,2002,San Antonio city,1175.718,735.97,Texas,40.149,60.0
84,2002-2003,Toronto Raptors,,32.0,64.0,96.0,58.0,27.4,85.4,10.6,2002,Toronto city,550.5,777.507,Ontario,,24.0
85,2002-2003,Utah Jazz,,36.0,49.0,85.0,53.0,18.2,71.2,13.8,2002,Salt Lake city,,786.034,Utah,47.861,47.0
86,2002-2003,Washington Wizards,,38.0,60.0,98.0,49.0,20.5,69.5,28.5,2002,Washington city,573.158,827.093,District of Columbia,39.07,37.0
87,2003-2004,Atlanta Hawks,,20.0,63.0,83.0,59.0,19.3,,4.7,2003,Atlanta city,403.08,565.728,Georgia,42.438,28.0
88,2003-2004,Boston Celtics,,39.0,65.0,104.0,54.0,24.6,,25.4,2003,Boston city,595.864,648.099,Massachusetts,50.955,36.0
89,2003-2004,Brooklyn Nets,,38.0,55.0,93.0,67.0,33.4,,-7.4,2003,Brooklyn city,11.43,,New York,42.788,47.0
90,2003-2004,Chicago Bulls,,35.0,88.0,123.0,57.0,29.2,,36.8,2003,Chicago city,2819.117,809.177,Illinois,45.153,23.0
91,2003-2004,Cleveland Cavaliers,,27.0,66.0,93.0,50.0,21.1,,21.9,2003,Cleveland city,452.228,749.79,Ohio,43.52,35.0
92,2003-2004,Dallas Mavericks,,45.0,72.0,117.0,83.0,67.6,,-33.6,2003,Dallas city,1181.976,825.594,Texas,39.271,52.0
93,2003-2004,Denver Nuggets,,27.0,62.0,89.0,43.0,20.8,,25.2,2003,Denver city,552.588,721.476,Colorado,49.94,43.0
94,2003-2004,Detroit Pistons,,40.0,81.0,121.0,57.0,41.0,,23.0,2003,Detroit city,884.411,872.902,Michigan,45.022,54.0
95,2003-2004,Golden State Warriors,,24.0,52.0,76.0,56.0,11.9,,8.1,2003,San Francisco city,766.16,645.817,California,49.3,37.0
96,2003-2004,Houston Rockets,,45.0,80.0,125.0,59.0,30.5,,35.5,2003,Houston city,1992.464,622.625,Texas,39.271,45.0
97,2003-2004,Indiana Pacers,,39.0,65.0,104.0,61.0,40.4,,2.6,2003,Indianapolis city,,662.247,Indiana,42.425,61.0
98,2003-2004,Los Angeles Clippers,,25.0,52.0,77.0,42.0,12.6,,22.4,2003,Los Angeles city,3784.279,646.034,California,49.3,28.0
99,2003-2004,Los Angeles Lakers,,72.0,98.0,170.0,69.0,65.2,,35.8,2003,Los Angeles city,3784.279,777.757,California,49.3,56.0
100,2003-2004,Memphis Grizzlies,,28.0,47.0,75.0,61.0,18.1,,-4.1,2003,Memphis city,675.101,603.372,Tennessee,37.523,50.0
101,2003-2004,Miami Heat,,31.0,62.0,93.0,50.0,24.4,,18.6,2003,Miami city,374.387,608.309,Florida,38.972,42.0
102,2003-2004,Milwaukee Bucks,,26.0,51.0,77.0,57.0,15.2,,4.8,2003,Milwaukee city,594.303,657.269,Wisconsin,46.269,41.0
103,2003-2004,Minnesota Timberwolves,,35.0,62.0,97.0,75.0,42.0,,-20.0,2003,Minneapolis city,380.189,723.071,Minnesota,52.823,58.0
104,2003-2004,New Orleans Pelicans,,27.0,53.0,80.0,52.0,10.9,,17.1,2003,New Orleans city,492.187,587.613,Louisiana,33.507,41.0
105,2003-2004,New York Knicks,,69.0,101.0,170.0,96.0,88.3,,-14.3,2003,New York city,8068.073,744.213,New York,42.788,39.0
106,2003-2004,Oklahoma City Thunder,,23.0,50.0,73.0,55.0,17.5,,0.5,2003,Oklahoma city,,,Oklahoma,35.902,37.0
107,2003-2004,Orlando Magic,,23.0,55.0,78.0,54.0,11.8,,12.2,2003,Orlando city,209.47,574.377,Florida,38.972,21.0
108,2003-2004,Philadelphia 76ers,,36.0,71.0,107.0,63.0,36.8,,7.2,2003,Philadelphia city,1493.802,788.128,Pennsylvania,42.933,33.0
109,2003-2004,Phoenix Suns,,27.0,84.0,111.0,66.0,24.9,,20.1,2003,Phoenix city,1368.806,670.385,Arizona,41.166,29.0
110,2003-2004,Portland Trail Blazers,,31.0,57.0,88.0,74.0,61.0,,-47.0,2003,Portland city,542.496,663.429,Oregon,41.638,41.0
111,2003-2004,Sacramento Kings,,54.0,64.0,118.0,72.0,45.4,,0.6,2003,Sacramento city,439.79,709.997,California,49.3,55.0
112,2003-2004,San Antonio Spurs,,40.0,68.0,108.0,50.0,31.3,,26.7,2003,San Antonio city,1185.891,720.909,Texas,39.271,57.0
113,2003-2004,Toronto Raptors,,32.0,68.0,100.0,59.0,35.6,,5.4,2003,Toronto city,545.9,750.608,Ontario,,33.0
114,2003-2004,Utah Jazz,,35.0,53.0,88.0,38.0,22.5,,27.5,2003,Salt Lake city,,765.419,Utah,49.275,42.0
115,2003-2004,Washington Wizards,,28.0,66.0,94.0,49.0,23.5,,21.5,2003,Washington city,568.502,628.159,District of Columbia,45.044,25.0
116,2004-2005,Atlanta Hawks,23.0,20.0,67.0,87.0,44.0,34.1,78.1,8.9,2004,Atlanta city,397.365,592.729,Georgia,40.984,13.0
117,2004-2005,Boston Celtics,10.0,42.0,68.0,110.0,68.0,33.6,101.6,8.4,2004,Boston city,591.166,656.081,Massachusetts,52.019,45.0
118,2004-2005,Brooklyn Nets,22.0,33.0,54.0,87.0,60.0,33.1,93.1,-6.1,2004,Brooklyn city,11.382,,New York,44.649,42.0
119,2004-2005,Charlotte Hornets,17.0,21.0,52.0,73.0,28.0,35.2,63.2,9.8,2004,Charlotte city,626.629,591.701,North Carolina,40.238,18.0
120,2004-2005,Chicago Bulls,4.0,38.0,98.0,136.0,61.0,40.3,101.3,34.7,2004,Chicago city,2786.291,828.384,Illinois,46.077,47.0
121,2004-2005,Cleveland Cavaliers,9.0,30.0,72.0,102.0,52.0,34.0,86.0,16.0,2004,Cleveland city,443.502,784.249,Ohio,43.055,42.0
122,2004-2005,Dallas Mavericks,5.0,51.0,73.0,124.0,95.0,46.8,141.8,-17.8,2004,Dallas city,1174.231,822.533,Texas,41.397,58.0
123,2004-2005,Denver Nuggets,19.0,28.0,66.0,94.0,48.0,33.7,81.7,12.3,2004,Denver city,550.756,723.949,Colorado,50.886,49.0
124,2004-2005,Detroit Pistons,6.0,45.0,89.0,134.0,58.0,51.0,109.0,25.0,2004,Detroit city,861.186,905.119,Michigan,42.256,54.0
125,2004-2005,Golden State Warriors,26.0,25.0,56.0,81.0,58.0,26.1,84.1,-3.1,2004,San Francisco city,761.325,670.368,California,49.222,34.0
126,2004-2005,Houston Rockets,3.0,45.0,96.0,141.0,64.0,51.2,115.2,25.8,2004,Houston city,1991.817,663.444,Texas,41.397,51.0
127,2004-2005,Indiana Pacers,14.0,40.0,68.0,108.0,59.0,40.5,99.5,8.5,2004,Indianapolis city,,696.764,Indiana,42.329,44.0
128,2004-2005,Los Angeles Clippers,24.0,27.0,56.0,83.0,44.0,24.4,68.4,14.6,2004,Los Angeles city,3792.65,696.181,California,49.222,37.0
129,2004-2005,Los Angeles Lakers,2.0,60.0,96.0,156.0,66.0,51.8,117.8,38.2,2004,Los Angeles city,3792.65,770.494,California,49.222,34.0
130,2004-2005,Memphis Grizzlies,18.0,33.0,65.0,98.0,70.0,43.6,113.6,-15.6,2004,Memphis city,670.802,691.362,Tennessee,38.072,45.0
131,2004-2005,Miami Heat,8.0,45.0,74.0,119.0,63.0,44.5,107.5,11.5,2004,Miami city,377.924,815.143,Florida,40.535,59.0
132,2004-2005,Milwaukee Bucks,28.0,25.0,53.0,78.0,61.0,18.5,79.5,-1.5,2004,Milwaukee city,592.008,637.009,Wisconsin,45.732,30.0
133,2004-2005,Minnesota Timberwolves,16.0,29.0,72.0,101.0,73.0,33.0,106.0,-5.0,2004,Minneapolis city,378.749,704.438,Minnesota,56.104,44.0
134,2004-2005,New Orleans Pelicans,30.0,21.0,57.0,78.0,56.0,25.9,81.9,-3.9,2004,New Orleans city,493.765,583.07,Louisiana,36.429,18.0
135,2004-2005,New York Knicks,1.0,74.0,107.0,181.0,100.0,55.8,155.8,25.2,2004,New York city,8043.366,800.144,New York,44.649,33.0
136,2004-2005,Oklahoma City Thunder,27.0,27.0,54.0,81.0,57.0,31.8,88.8,-7.8,2004,Oklahoma city,,,Oklahoma,39.614,52.0
137,2004-2005,Orlando Magic,25.0,24.0,58.0,82.0,71.0,20.5,91.5,-9.5,2004,Orlando city,215.457,597.942,Florida,40.535,36.0
138,2004-2005,Philadelphia 76ers,11.0,35.0,75.0,110.0,71.0,38.3,109.3,0.7,2004,Philadelphia city,1492.882,732.686,Pennsylvania,44.106,43.0
139,2004-2005,Phoenix Suns,7.0,38.0,94.0,132.0,48.0,43.6,91.6,40.4,2004,Phoenix city,1386.945,726.066,Arizona,43.846,62.0
140,2004-2005,Portland Trail Blazers,29.0,26.0,52.0,78.0,87.0,22.5,109.5,-31.5,2004,Portland city,536.636,680.374,Oregon,40.994,27.0
141,2004-2005,Sacramento Kings,13.0,52.0,67.0,119.0,64.0,45.0,109.0,10.0,2004,Sacramento city,446.049,709.997,California,49.222,50.0
142,2004-2005,San Antonio Spurs,12.0,47.0,74.0,121.0,51.0,46.3,97.3,23.7,2004,San Antonio city,1202.84,750.97,Texas,41.397,59.0
143,2004-2005,Toronto Raptors,20.0,27.0,67.0,94.0,65.0,30.3,95.3,-1.3,2004,Toronto city,540.8,703.388,Ontario,,33.0
144,2004-2005,Utah Jazz,21.0,33.0,58.0,91.0,47.0,34.6,81.6,9.4,2004,Salt Lake city,,769.014,Utah,50.871,26.0
145,2004-2005,Washington Wizards,15.0,34.0,72.0,106.0,53.0,38.7,91.7,14.3,2004,Washington city,567.754,705.069,District of Columbia,43.451,45.0
146,2005-2006,Atlanta Hawks,25.0,21.0,71.0,92.0,47.0,32.1,79.1,12.9,2005,Atlanta city,396.311,617.817,Georgia,45.926,26.0
147,2005-2006,Boston Celtics,13.0,39.0,72.0,111.0,66.0,29.3,95.3,15.7,2005,Boston city,587.26,692.513,Massachusetts,56.017,33.0
148,2005-2006,Brooklyn Nets,16.0,39.0,54.0,93.0,70.0,31.0,101.0,-8.0,2005,Brooklyn city,11.306,,New York,47.176,49.0
149,2005-2006,Charlotte Hornets,24.0,23.0,66.0,89.0,37.0,40.1,77.1,11.9,2005,Charlotte city,645.1,671.011,North Carolina,42.056,26.0
150,2005-2006,Chicago Bulls,4.0,43.0,106.0,149.0,61.0,39.5,100.5,48.5,2005,Chicago city,2752.523,868.72,Illinois,48.398,41.0
151,2005-2006,Cleveland Cavaliers,10.0,36.0,79.0,115.0,55.0,36.1,91.1,23.9,2005,Cleveland city,433.919,792.391,Ohio,44.203,50.0
152,2005-2006,Dallas Mavericks,3.0,57.0,83.0,140.0,97.0,67.4,164.4,-24.4,2005,Dallas city,1171.519,824.993,Texas,41.422,60.0
153,2005-2006,Denver Nuggets,19.0,28.0,72.0,100.0,60.0,30.6,90.6,9.4,2005,Denver city,551.691,702.555,Colorado,50.449,44.0
154,2005-2006,Detroit Pistons,6.0,40.0,98.0,138.0,63.0,53.2,116.2,21.8,2005,Detroit city,837.407,883.04,Michigan,45.933,64.0
155,2005-2006,Golden State Warriors,27.0,30.0,59.0,89.0,61.0,21.7,82.7,6.3,2005,San Francisco city,763.016,730.928,California,51.755,34.0
156,2005-2006,Houston Rockets,5.0,42.0,100.0,142.0,73.0,47.6,120.6,21.4,2005,Houston city,1995.773,636.11,Texas,41.422,34.0
157,2005-2006,Indiana Pacers,14.0,38.0,72.0,110.0,79.0,43.5,122.5,-12.5,2005,Indianapolis city,,663.368,Indiana,42.437,41.0
158,2005-2006,Los Angeles Clippers,22.0,33.0,62.0,95.0,55.0,24.3,79.3,15.7,2005,Los Angeles city,3788.197,712.409,California,51.755,47.0
159,2005-2006,Los Angeles Lakers,2.0,65.0,102.0,167.0,77.0,56.7,133.7,33.3,2005,Los Angeles city,3788.197,774.189,California,51.755,45.0
160,2005-2006,Memphis Grizzlies,18.0,33.0,68.0,101.0,71.0,48.5,119.5,-18.5,2005,Memphis city,666.952,647.533,Tennessee,39.406,49.0
161,2005-2006,Miami Heat,8.0,53.0,79.0,132.0,64.0,47.5,111.5,20.5,2005,Miami city,382.198,818.149,Florida,42.99,52.0
162,2005-2006,Milwaukee Bucks,28.0,29.0,58.0,87.0,67.0,18.5,85.5,1.5,2005,Milwaukee city,588.565,681.337,Wisconsin,44.65,40.0
163,2005-2006,Minnesota Timberwolves,20.0,24.0,79.0,103.0,65.0,33.4,98.4,4.6,2005,Minneapolis city,376.937,648.167,Minnesota,54.215,33.0
164,2005-2006,New Orleans Pelicans,29.0,23.0,60.0,83.0,45.0,25.1,70.1,12.9,2005,New Orleans city,494.294,,Louisiana,37.236,38.0
165,2005-2006,New York Knicks,1.0,74.0,111.0,185.0,118.0,106.0,224.0,-39.0,2005,New York city,8013.368,776.176,New York,47.176,23.0
166,2005-2006,Oklahoma City Thunder,26.0,24.0,57.0,81.0,53.0,24.4,77.4,3.6,2005,Oklahoma city,,744.92,Oklahoma,37.645,35.0
167,2005-2006,Orlando Magic,23.0,27.0,62.0,89.0,79.0,30.4,109.4,-20.4,2005,Orlando city,223.41,638.005,Florida,42.99,36.0
168,2005-2006,Philadelphia 76ers,12.0,31.0,79.0,110.0,78.0,38.2,116.2,-6.2,2005,Philadelphia city,1490.861,677.248,Pennsylvania,46.3,38.0
169,2005-2006,Phoenix Suns,7.0,46.0,86.0,132.0,57.0,40.5,97.5,34.5,2005,Phoenix city,1417.72,730.179,Arizona,45.245,54.0
170,2005-2006,Portland Trail Blazers,30.0,21.0,56.0,77.0,66.0,26.2,92.2,-15.2,2005,Portland city,538.053,617.199,Oregon,44.159,21.0
171,2005-2006,Sacramento Kings,11.0,50.0,76.0,126.0,67.0,42.6,109.6,16.4,2005,Sacramento city,449.513,709.997,California,51.755,44.0
172,2005-2006,San Antonio Spurs,9.0,46.0,76.0,122.0,67.0,43.3,110.3,11.7,2005,San Antonio city,1217.575,770.677,Texas,41.422,63.0
173,2005-2006,Toronto Raptors,17.0,28.0,77.0,105.0,68.0,28.6,96.6,8.4,2005,Toronto city,534.4,699.242,Ontario,,27.0
174,2005-2006,Utah Jazz,21.0,34.0,62.0,96.0,61.0,33.6,94.6,1.4,2005,Salt Lake city,,751.621,Utah,54.813,41.0
175,2005-2006,Washington Wizards,15.0,33.0,75.0,108.0,58.0,35.2,93.2,14.8,2005,Washington city,567.136,684.889,District of Columbia,44.993,42.0
176,2006-2007,Atlanta Hawks,26.0,22.0,73.0,95.0,53.0,32.3,85.3,9.7,2006,Atlanta city,403.548,639.375,Georgia,49.344,30.0
177,2006-2007,Boston Celtics,11.0,40.0,77.0,117.0,67.0,31.7,98.7,18.3,2006,Boston city,587.816,690.576,Massachusetts,55.33,24.0
178,2006-2007,Brooklyn Nets,17.0,42.0,60.0,102.0,68.0,35.3,103.3,-1.3,2006,Brooklyn city,11.214,,New York,48.222,41.0
179,2006-2007,Charlotte Hornets,25.0,23.0,70.0,93.0,46.0,41.7,87.7,5.3,2006,Charlotte city,669.217,637.52,North Carolina,39.797,33.0
180,2006-2007,Chicago Bulls,3.0,50.0,111.0,161.0,59.0,42.7,101.7,59.3,2006,Chicago city,2720.181,912.364,Illinois,48.671,49.0
181,2006-2007,Cleveland Cavaliers,7.0,51.0,101.0,152.0,69.0,51.1,120.1,31.9,2006,Cleveland city,423.831,837.883,Ohio,45.9,50.0
182,2006-2007,Dallas Mavericks,6.0,48.0,92.0,140.0,91.0,50.6,141.6,-1.6,2006,Dallas city,1177.916,814.009,Texas,43.307,67.0
183,2006-2007,Denver Nuggets,20.0,32.0,72.0,104.0,70.0,38.8,108.8,-4.8,2006,Denver city,556.895,706.437,Colorado,55.697,45.0
184,2006-2007,Detroit Pistons,4.0,48.0,106.0,154.0,63.0,51.8,114.8,39.2,2006,Detroit city,811.922,905.116,Michigan,48.647,53.0
185,2006-2007,Golden State Warriors,21.0,39.0,64.0,103.0,69.0,32.7,101.7,1.3,2006,San Francisco city,768.65,742.267,California,55.319,42.0
186,2006-2007,Houston Rockets,5.0,44.0,105.0,149.0,68.0,51.3,119.3,29.7,2006,Houston city,2038.721,678.262,Texas,43.307,52.0
187,2006-2007,Indiana Pacers,18.0,34.0,73.0,107.0,67.0,41.3,108.3,-1.3,2006,Indianapolis city,,629.75,Indiana,45.407,35.0
188,2006-2007,Los Angeles Clippers,24.0,32.0,66.0,98.0,63.0,25.2,88.2,9.8,2006,Los Angeles city,3767.96,755.261,California,55.319,40.0
189,2006-2007,Los Angeles Lakers,2.0,68.0,102.0,170.0,81.0,57.2,138.2,31.8,2006,Los Angeles city,3767.96,778.415,California,55.319,42.0
190,2006-2007,Memphis Grizzlies,23.0,28.0,70.0,98.0,66.0,42.9,108.9,-10.9,2006,Memphis city,665.512,600.836,Tennessee,40.693,22.0
191,2006-2007,Miami Heat,9.0,47.0,84.0,131.0,68.0,45.1,113.1,17.9,2006,Miami city,385.314,808.741,Florida,45.676,44.0
192,2006-2007,Milwaukee Bucks,29.0,28.0,60.0,88.0,68.0,18.3,86.3,1.7,2006,Milwaukee city,586.395,663.629,Wisconsin,51.692,28.0
193,2006-2007,Minnesota Timberwolves,22.0,26.0,77.0,103.0,71.0,33.9,104.9,-1.9,2006,Minneapolis city,376.495,655.947,Minnesota,56.211,32.0
194,2006-2007,New Orleans Pelicans,27.0,30.0,61.0,91.0,58.0,22.8,80.8,10.2,2006,New Orleans city,230.172,,Louisiana,36.488,39.0
195,2006-2007,New York Knicks,1.0,74.0,122.0,196.0,122.0,116.2,238.2,-42.2,2006,New York city,7993.906,770.617,New York,48.222,33.0
196,2006-2007,Oklahoma City Thunder,28.0,23.0,58.0,81.0,61.0,25.7,86.7,-5.7,2006,Oklahoma city,,731.065,Oklahoma,38.838,31.0
197,2006-2007,Orlando Magic,19.0,28.0,64.0,92.0,65.0,22.4,87.4,4.6,2006,Orlando city,228.762,700.887,Florida,45.676,40.0
198,2006-2007,Philadelphia 76ers,13.0,29.0,83.0,112.0,75.0,39.8,114.8,-2.8,2006,Philadelphia city,1488.71,615.48,Pennsylvania,48.477,35.0
199,2006-2007,Phoenix Suns,8.0,53.0,92.0,145.0,66.0,41.7,107.7,37.3,2006,Phoenix city,1441.241,755.302,Arizona,46.657,61.0
200,2006-2007,Portland Trail Blazers,30.0,24.0,58.0,82.0,82.0,25.1,107.1,-25.1,2006,Portland city,544.669,670.778,Oregon,47.091,32.0
201,2006-2007,Sacramento Kings,12.0,48.0,80.0,128.0,68.0,39.5,107.5,20.5,2006,Sacramento city,451.938,709.817,California,55.319,33.0
202,2006-2007,San Antonio Spurs,10.0,50.0,81.0,131.0,69.0,46.5,115.5,15.5,2006,San Antonio city,1245.274,764.823,Texas,43.307,58.0
203,2006-2007,Toronto Raptors,14.0,37.0,87.0,124.0,57.0,38.2,95.2,28.8,2006,Toronto city,527.5,748.603,Ontario,,47.0
204,2006-2007,Utah Jazz,16.0,40.0,74.0,114.0,66.0,42.3,108.3,5.7,2006,Salt Lake city,,802.294,Utah,54.628,51.0
205,2006-2007,Washington Wizards,15.0,39.0,73.0,112.0,67.0,33.4,100.4,11.6,2006,Washington city,570.681,753.283,District of Columbia,48.477,41.0
206,2007-2008,Atlanta Hawks,21.0,24.0,78.0,102.0,60.0,35.3,95.3,6.7,2007,Atlanta city,410.086,667.518,Georgia,48.641,37.0
207,2007-2008,Boston Celtics,9.0,66.0,83.0,149.0,78.0,50.9,128.9,20.1,2007,Boston city,593.136,763.584,Massachusetts,58.463,66.0
208,2007-2008,Brooklyn Nets,26.0,35.0,63.0,98.0,67.0,31.9,98.9,-0.9,2007,Brooklyn city,11.178,,New York,48.944,34.0
209,2007-2008,Charlotte Hornets,29.0,21.0,74.0,95.0,59.0,40.9,99.9,-4.9,2007,Charlotte city,691.568,603.403,North Carolina,43.513,32.0
210,2007-2008,Chicago Bulls,3.0,51.0,114.0,165.0,67.0,42.6,109.6,55.4,2007,Chicago city,2703.991,901.502,Illinois,52.506,33.0
211,2007-2008,Cleveland Cavaliers,5.0,54.0,105.0,159.0,85.0,60.9,145.9,13.1,2007,Cleveland city,415.865,839.074,Ohio,49.099,45.0
212,2007-2008,Dallas Mavericks,7.0,54.0,99.0,153.0,103.0,63.6,166.6,-13.6,2007,Dallas city,1179.667,831.738,Texas,46.053,51.0
213,2007-2008,Denver Nuggets,19.0,34.0,78.0,112.0,87.0,51.3,138.3,-26.3,2007,Denver city,564.395,711.962,Colorado,61.141,50.0
214,2007-2008,Detroit Pistons,4.0,49.0,111.0,160.0,70.0,49.6,119.6,40.4,2007,Detroit city,784.998,905.116,Michigan,49.37,59.0
215,2007-2008,Golden State Warriors,18.0,44.0,68.0,112.0,65.0,32.8,97.8,14.2,2007,San Francisco city,778.673,804.864,California,55.734,48.0
216,2007-2008,Houston Rockets,6.0,47.0,109.0,156.0,76.0,48.8,124.8,31.2,2007,Houston city,2044.612,718.524,Texas,46.053,55.0
217,2007-2008,Indiana Pacers,22.0,27.0,74.0,101.0,70.0,37.5,107.5,-6.5,2007,Indianapolis city,,501.092,Indiana,47.453,36.0
218,2007-2008,Los Angeles Clippers,25.0,30.0,69.0,99.0,63.0,25.3,88.3,10.7,2007,Los Angeles city,3751.872,692.408,California,55.734,23.0
219,2007-2008,Los Angeles Lakers,2.0,82.0,109.0,191.0,77.0,66.1,143.1,47.9,2007,Los Angeles city,3751.872,778.877,California,55.734,57.0
220,2007-2008,Memphis Grizzlies,27.0,21.0,74.0,95.0,58.0,40.2,98.2,-3.2,2007,Memphis city,659.816,523.578,Tennessee,41.195,22.0
221,2007-2008,Miami Heat,12.0,46.0,85.0,131.0,79.0,53.1,132.1,-1.1,2007,Miami city,386.814,798.004,Florida,45.794,15.0
222,2007-2008,Milwaukee Bucks,30.0,27.0,67.0,94.0,66.0,22.6,88.6,5.4,2007,Milwaukee city,586.445,639.421,Wisconsin,51.277,26.0
223,2007-2008,Minnesota Timberwolves,23.0,23.0,77.0,100.0,73.0,32.7,105.7,-5.7,2007,Minneapolis city,377.575,593.537,Minnesota,58.058,22.0
224,2007-2008,New Orleans Pelicans,28.0,24.0,71.0,95.0,66.0,25.8,91.8,3.2,2007,New Orleans city,268.751,581.432,Louisiana,41.313,56.0
225,2007-2008,New York Knicks,1.0,75.0,133.0,208.0,100.0,78.4,178.4,29.6,2007,New York city,8013.775,782.993,New York,48.944,23.0
226,2007-2008,Oklahoma City Thunder,24.0,19.0,63.0,82.0,65.0,26.4,91.4,-9.4,2007,Oklahoma city,,,Oklahoma,43.216,20.0
227,2007-2008,Orlando Magic,17.0,33.0,67.0,100.0,62.0,31.8,93.8,6.2,2007,Orlando city,231.266,709.346,Florida,45.794,52.0
228,2007-2008,Philadelphia 76ers,13.0,29.0,87.0,116.0,78.0,37.7,115.7,0.3,2007,Philadelphia city,1493.309,609.675,Pennsylvania,48.437,40.0
229,2007-2008,Phoenix Suns,8.0,53.0,95.0,148.0,72.0,47.1,119.1,28.9,2007,Phoenix city,1450.901,755.302,Arizona,47.215,55.0
230,2007-2008,Portland Trail Blazers,20.0,36.0,78.0,114.0,73.0,41.9,114.9,-0.9,2007,Portland city,555.306,801.566,Oregon,50.236,41.0
231,2007-2008,Sacramento Kings,16.0,37.0,80.0,117.0,67.0,43.0,110.0,7.0,2007,Sacramento city,455.316,580.178,California,55.734,38.0
232,2007-2008,San Antonio Spurs,10.0,54.0,84.0,138.0,74.0,45.0,119.0,19.0,2007,San Antonio city,1270.187,761.149,Texas,46.053,56.0
233,2007-2008,Toronto Raptors,11.0,44.0,94.0,138.0,70.0,40.3,110.3,27.7,2007,Toronto city,520.5,796.835,Ontario,,41.0
234,2007-2008,Utah Jazz,14.0,42.0,77.0,119.0,69.0,41.2,110.2,8.8,2007,Salt Lake city,,816.211,Utah,53.529,54.0
235,2007-2008,Washington Wizards,15.0,35.0,83.0,118.0,66.0,37.1,103.1,14.9,2007,Washington city,574.404,736.391,District of Columbia,50.783,43.0
236,2008-2009,Atlanta Hawks,,23.0,80.0,103.0,70.0,35.0,,-2.0,2008,Atlanta city,414.233,686.688,Georgia,46.227,47.0
237,2008-2009,Boston Celtics,,62.0,82.0,144.0,84.0,47.1,,12.9,2008,Boston city,600.685,763.584,Massachusetts,60.32,62.0
238,2008-2009,Brooklyn Nets,,28.0,64.0,92.0,67.0,38.9,,-13.9,2008,Brooklyn city,11.154,,New York,50.461,34.0
239,2008-2009,Charlotte Hornets,,22.0,74.0,96.0,69.0,42.1,,-15.1,2008,Charlotte city,709.993,581.049,North Carolina,42.93,35.0
240,2008-2009,Chicago Bulls,,53.0,115.0,168.0,72.0,45.0,,51.0,2008,Chicago city,2697.359,847.903,Illinois,53.254,41.0
241,2008-2009,Cleveland Cavaliers,,53.0,106.0,159.0,94.0,60.0,,5.0,2008,Cleveland city,408.261,820.439,Ohio,46.934,66.0
242,2008-2009,Dallas Mavericks,,53.0,101.0,154.0,99.0,72.4,,-17.4,2008,Dallas city,1183.805,821.723,Texas,46.49,50.0
243,2008-2009,Denver Nuggets,,35.0,80.0,115.0,72.0,38.4,,4.6,2008,Denver city,575.721,706.165,Colorado,60.943,54.0
244,2008-2009,Detroit Pistons,,39.0,132.0,171.0,75.0,49.1,,46.9,2008,Detroit city,756.383,896.971,Michigan,49.788,39.0
245,2008-2009,Golden State Warriors,,45.0,68.0,113.0,70.0,31.1,,11.9,2008,San Francisco city,791.152,776.66,California,57.014,29.0
246,2008-2009,Houston Rockets,,49.0,111.0,160.0,78.0,51.7,,30.3,2008,Houston city,2060.477,699.28,Texas,46.49,53.0
247,2008-2009,Indiana Pacers,,21.0,76.0,97.0,74.0,38.7,,-15.7,2008,Indianapolis city,,581.472,Indiana,46.52,36.0
248,2008-2009,Los Angeles Clippers,,28.0,74.0,102.0,67.0,25.0,,10.0,2008,Los Angeles city,3763.566,646.83,California,57.014,19.0
249,2008-2009,Los Angeles Lakers,,95.0,114.0,209.0,83.0,74.9,,51.1,2008,Los Angeles city,3763.566,778.877,California,57.014,65.0
250,2008-2009,Memphis Grizzlies,,13.0,75.0,88.0,60.0,35.1,,-7.1,2008,Memphis city,653.107,509.806,Tennessee,39.702,24.0
251,2008-2009,Miami Heat,,42.0,84.0,126.0,74.0,44.0,,8.0,2008,Miami city,389.996,729.178,Florida,44.857,43.0
252,2008-2009,Milwaukee Bucks,,21.0,70.0,91.0,76.0,22.4,,-7.4,2008,Milwaukee city,587.858,630.976,Wisconsin,51.2,34.0
253,2008-2009,Minnesota Timberwolves,,15.0,81.0,96.0,70.0,32.8,,-6.8,2008,Minneapolis city,379.185,594.743,Minnesota,54.925,24.0
254,2008-2009,New Orleans Pelicans,,28.0,67.0,95.0,68.0,27.1,,-0.1,2008,New Orleans city,301.842,695.727,Louisiana,39.563,49.0
255,2008-2009,New York Knicks,,71.0,131.0,202.0,97.0,84.0,,21.0,2008,New York city,8068.195,790.801,New York,50.461,32.0
256,2008-2009,Oklahoma City Thunder,,45.0,66.0,111.0,73.0,25.3,,12.7,2008,Oklahoma city,,747.732,Oklahoma,46.111,23.0
257,2008-2009,Orlando Magic,,38.0,69.0,107.0,74.0,35.2,,-2.2,2008,Orlando city,233.467,698.768,Florida,44.857,59.0
258,2008-2009,Philadelphia 76ers,,29.0,86.0,115.0,70.0,37.4,,7.6,2008,Philadelphia city,1499.731,647.898,Pennsylvania,51.402,41.0
259,2008-2009,Phoenix Suns,,54.0,94.0,148.0,80.0,47.3,,20.7,2008,Phoenix city,1456.729,755.302,Arizona,46.914,46.0
260,2008-2009,Portland Trail Blazers,,38.0,83.0,121.0,87.0,54.3,,-20.3,2008,Portland city,566.85,841.499,Oregon,51.727,54.0
261,2008-2009,Sacramento Kings,,31.0,78.0,109.0,72.0,39.8,,-2.8,2008,Sacramento city,459.241,502.852,California,57.014,17.0
262,2008-2009,San Antonio Spurs,,49.0,84.0,133.0,72.0,41.9,,19.1,2008,San Antonio city,1291.232,749.048,Texas,46.49,54.0
263,2008-2009,Toronto Raptors,,44.0,89.0,133.0,78.0,37.0,,18.0,2008,Toronto city,516.7,769.707,Ontario,,33.0
264,2008-2009,Utah Jazz,,42.0,76.0,118.0,70.0,40.1,,7.9,2008,Salt Lake city,,816.042,Utah,62.537,48.0
265,2008-2009,Washington Wizards,,27.0,83.0,110.0,69.0,36.1,,4.9,2008,Washington city,580.236,681.117,District of Columbia,55.59,19.0
266,2009-2010,Atlanta Hawks,,24.0,81.0,105.0,70.0,42.3,,-7.3,2009,Atlanta city,417.09,678.375,Georgia,43.34,53.0
267,2009-2010,Boston Celtics,,68.0,83.0,151.0,88.0,58.8,,4.2,2009,Boston city,612.669,744.961,Massachusetts,59.373,50.0
268,2009-2010,Brooklyn Nets,,21.0,68.0,89.0,64.0,35.2,,-10.2,2009,Brooklyn city,11.162,,New York,50.216,12.0
269,2009-2010,Charlotte Hornets,,21.0,77.0,98.0,73.0,45.0,,-20.0,2009,Charlotte city,724.333,648.79,North Carolina,41.906,44.0
270,2009-2010,Chicago Bulls,,53.0,116.0,169.0,74.0,43.7,,51.3,2009,Chicago city,2697.006,849.76,Illinois,52.87,41.0
271,2009-2010,Cleveland Cavaliers,,54.0,107.0,161.0,90.0,68.4,,2.6,2009,Cleveland city,401.77,843.042,Ohio,45.879,61.0
272,2009-2010,Dallas Mavericks,,47.0,99.0,146.0,81.0,72.8,,-7.8,2009,Dallas city,1192.653,819.77,Texas,47.475,55.0
273,2009-2010,Denver Nuggets,,34.0,79.0,113.0,79.0,45.7,,-11.7,2009,Denver city,589.011,737.812,Colorado,55.93,53.0
274,2009-2010,Detroit Pistons,,26.0,121.0,147.0,64.0,51.2,,31.8,2009,Detroit city,731.155,768.826,Michigan,45.994,27.0
275,2009-2010,Golden State Warriors,,41.0,78.0,119.0,70.0,34.7,,14.3,2009,San Francisco city,801.922,739.12,California,56.134,26.0
276,2009-2010,Houston Rockets,,42.0,111.0,153.0,67.0,50.1,,35.9,2009,Houston city,2087.334,677.658,Texas,47.475,42.0
277,2009-2010,Indiana Pacers,,15.0,80.0,95.0,71.0,40.9,,-16.9,2009,Indianapolis city,,582.295,Indiana,44.305,32.0
278,2009-2010,Los Angeles Clippers,,24.0,78.0,102.0,62.0,29.0,,11.0,2009,Los Angeles city,3781.938,670.063,California,56.134,29.0
279,2009-2010,Los Angeles Lakers,,96.0,118.0,214.0,91.0,89.6,,33.4,2009,Los Angeles city,3781.938,778.877,California,56.134,57.0
280,2009-2010,Memphis Grizzlies,,15.0,77.0,92.0,59.0,35.6,,-2.6,2009,Memphis city,648.051,552.914,Tennessee,40.517,40.0
281,2009-2010,Miami Heat,,41.0,83.0,124.0,78.0,51.9,,-5.9,2009,Miami city,394.347,726.935,Florida,45.631,47.0
282,2009-2010,Milwaukee Bucks,,20.0,72.0,92.0,69.0,25.0,,-2.0,2009,Milwaukee city,592.18,619.453,Wisconsin,51.237,46.0
283,2009-2010,Minnesota Timberwolves,,14.0,81.0,95.0,67.0,34.7,,-6.7,2009,Minneapolis city,381.638,619.17,Minnesota,56.09,15.0
284,2009-2010,New Orleans Pelicans,,27.0,73.0,100.0,74.0,31.9,,-5.9,2009,New Orleans city,327.803,620.366,Louisiana,45.433,37.0
285,2009-2010,New York Knicks,,81.0,145.0,226.0,86.0,76.0,,64.0,2009,New York city,8131.574,799.55,New York,50.216,29.0
286,2009-2010,Oklahoma City Thunder,,44.0,74.0,118.0,62.0,33.4,,22.6,2009,Oklahoma city,,738.149,Oklahoma,45.878,50.0
287,2009-2010,Orlando Magic,,38.0,70.0,108.0,86.0,45.1,,-23.1,2009,Orlando city,235.918,715.901,Florida,45.631,59.0
288,2009-2010,Philadelphia 76ers,,24.0,86.0,110.0,69.0,42.2,,-1.2,2009,Philadelphia city,1514.694,583.219,Pennsylvania,48.172,27.0
289,2009-2010,Phoenix Suns,,50.0,97.0,147.0,69.0,57.6,,20.4,2009,Phoenix city,1452.679,723.582,Arizona,45.739,54.0
290,2009-2010,Portland Trail Blazers,,43.0,84.0,127.0,64.0,52.3,,10.7,2009,Portland city,578.104,840.411,Oregon,49.098,50.0
291,2009-2010,Sacramento Kings,,23.0,80.0,103.0,72.0,40.8,,-9.8,2009,Sacramento city,463.458,543.416,California,56.134,25.0
292,2009-2010,San Antonio Spurs,,49.0,86.0,135.0,84.0,55.7,,-4.7,2009,San Antonio city,1310.266,741.676,Texas,47.475,50.0
293,2009-2010,Toronto Raptors,,44.0,94.0,138.0,72.0,40.7,,25.3,2009,Toronto city,511.8,733.784,Ontario,,40.0
294,2009-2010,Utah Jazz,,42.0,79.0,121.0,76.0,48.9,,-3.9,2009,Salt Lake city,,794.512,Utah,58.491,53.0
295,2009-2010,Washington Wizards,,25.0,82.0,107.0,73.0,39.2,,-5.2,2009,Washington city,592.228,664.398,District of Columbia,53.141,26.0
296,2010-2011,Atlanta Hawks,,23.0,86.0,109.0,75.0,48.7,,-14.7,2010,Atlanta city,422.334,641.596,Georgia,44.117,44.0
297,2010-2011,Boston Celtics,,59.0,87.0,146.0,86.0,52.3,,7.7,2010,Boston city,618.695,763.584,Massachusetts,60.934,56.0
298,2010-2011,Brooklyn Nets,,20.0,69.0,89.0,66.0,46.6,,-23.6,2010,Brooklyn city,11.152,,New York,49.781,24.0
299,2010-2011,Charlotte Hornets,,19.0,82.0,101.0,70.0,56.5,,-25.5,2010,Charlotte city,734.443,649.694,North Carolina,43.83,34.0
300,2010-2011,Chicago Bulls,,63.0,122.0,185.0,58.0,67.6,,59.4,2010,Chicago city,2698.838,893.462,Illinois,50.728,62.0
301,2010-2011,Cleveland Cavaliers,,43.0,106.0,149.0,58.0,58.1,,32.9,2010,Cleveland city,396.229,824.595,Ohio,45.886,19.0
302,2010-2011,Dallas Mavericks,,53.0,113.0,166.0,88.0,81.9,,-3.9,2010,Dallas city,1202.719,824.162,Texas,47.266,57.0
303,2010-2011,Denver Nuggets,,31.0,82.0,113.0,69.0,45.2,,-1.2,2010,Denver city,604.414,692.968,Colorado,60.233,50.0
304,2010-2011,Detroit Pistons,,21.0,120.0,141.0,70.0,61.3,,9.7,2010,Detroit city,711.89,683.08,Michigan,46.276,30.0
305,2010-2011,Golden State Warriors,,41.0,98.0,139.0,73.0,43.8,,22.2,2010,San Francisco city,805.463,766.398,California,54.283,36.0
306,2010-2011,Houston Rockets,,38.0,112.0,150.0,70.0,62.1,,17.9,2010,Houston city,2108.946,663.839,Texas,47.266,43.0
307,2010-2011,Indiana Pacers,,16.0,85.0,101.0,70.0,41.5,,-10.5,2010,Indianapolis city,,555.077,Indiana,46.139,37.0
308,2010-2011,Los Angeles Clippers,,29.0,79.0,108.0,58.0,40.6,,9.4,2010,Los Angeles city,3797.162,727.462,California,54.283,32.0
309,2010-2011,Los Angeles Lakers,,85.0,123.0,208.0,95.0,88.7,,24.3,2010,Los Angeles city,3797.162,778.877,California,54.283,57.0
310,2010-2011,Memphis Grizzlies,,19.0,80.0,99.0,75.0,48.8,,-24.8,2010,Memphis city,647.85,600.687,Tennessee,38.591,46.0
311,2010-2011,Miami Heat,,67.0,91.0,158.0,69.0,63.0,,26.0,2010,Miami city,400.882,810.93,Florida,44.066,58.0
312,2010-2011,Milwaukee Bucks,,19.0,73.0,92.0,66.0,33.6,,-7.6,2010,Milwaukee city,595.588,631.91,Wisconsin,50.351,35.0
313,2010-2011,Minnesota Timberwolves,,13.0,84.0,97.0,58.0,45.8,,-6.8,2010,Minneapolis city,383.289,624.96,Minnesota,52.321,17.0
314,2010-2011,New Orleans Pelicans,,28.0,81.0,109.0,73.0,38.7,,-2.7,2010,New Orleans city,347.858,603.088,Louisiana,39.3,46.0
315,2010-2011,New York Knicks,,92.0,152.0,244.0,74.0,95.1,,74.9,2010,New York city,8184.899,808.879,New York,49.781,42.0
316,2010-2011,Oklahoma City Thunder,,48.0,78.0,126.0,60.0,41.5,,24.5,2010,Oklahoma city,,744.068,Oklahoma,43.103,55.0
317,2010-2011,Orlando Magic,,43.0,97.0,140.0,95.0,61.0,,-16.0,2010,Orlando city,239.049,777.852,Florida,44.066,52.0
318,2010-2011,Philadelphia 76ers,,26.0,90.0,116.0,73.0,53.3,,-10.3,2010,Philadelphia city,1528.306,604.823,Pennsylvania,48.314,41.0
319,2010-2011,Phoenix Suns,,40.0,96.0,136.0,71.0,51.9,,13.1,2010,Phoenix city,1449.511,720.249,Arizona,46.896,40.0
320,2010-2011,Portland Trail Blazers,,43.0,89.0,132.0,76.0,64.1,,-8.1,2010,Portland city,585.807,840.924,Oregon,50.602,48.0
321,2010-2011,Sacramento Kings,,23.0,81.0,104.0,50.0,47.6,,6.4,2010,Sacramento city,467.53,569.496,California,54.283,24.0
322,2010-2011,San Antonio Spurs,,51.0,88.0,139.0,74.0,50.6,,14.4,2010,San Antonio city,1334.405,750.879,Texas,47.266,61.0
323,2010-2011,Toronto Raptors,,40.0,94.0,134.0,75.0,51.6,,7.4,2010,Toronto city,508.4,679.208,Ontario,,22.0
324,2010-2011,Utah Jazz,,37.0,83.0,120.0,80.0,56.4,,-16.4,2010,Salt Lake city,,799.982,Utah,56.701,39.0
325,2010-2011,Washington Wizards,,24.0,85.0,109.0,63.0,49.4,,-3.4,2010,Washington city,604.453,688.466,District of Columbia,56.928,23.0
326,2011-2012,Atlanta Hawks,28.0,17.0,82.0,99.0,65.0,52.7,117.7,-18.7,2011,Atlanta city,437.863,501.593,Georgia,45.973,40.0
327,2011-2012,Boston Celtics,4.0,58.0,85.0,143.0,69.0,55.3,124.3,18.7,2011,Boston city,630.62,614.592,Massachusetts,63.313,39.0
328,2011-2012,Brooklyn Nets,9.0,14.0,70.0,84.0,58.0,42.6,100.6,-16.6,2011,Brooklyn city,11.154,,New York,50.636,22.0
329,2011-2012,Charlotte Hornets,29.0,14.0,79.0,93.0,52.0,54.3,106.3,-13.3,2011,Charlotte city,754.943,486.984,North Carolina,45.206,7.0
330,2011-2012,Chicago Bulls,3.0,47.0,115.0,162.0,62.0,65.8,127.8,34.2,2011,Chicago city,2708.067,731.326,Illinois,50.637,50.0
331,2011-2012,Cleveland Cavaliers,16.0,24.0,104.0,128.0,57.0,52.4,109.4,18.6,2011,Cleveland city,392.862,525.577,Ohio,44.648,21.0
332,2011-2012,Dallas Mavericks,5.0,35.0,102.0,137.0,67.0,57.0,124.0,13.0,2011,Dallas city,1218.214,671.05,Texas,49.047,36.0
333,2011-2012,Denver Nuggets,19.0,26.0,84.0,110.0,53.0,45.0,98.0,12.0,2011,Denver city,620.25,561.966,Colorado,58.629,38.0
334,2011-2012,Detroit Pistons,22.0,15.0,110.0,125.0,59.0,58.3,117.3,7.7,2011,Detroit city,705.202,475.638,Michigan,48.879,25.0
335,2011-2012,Golden State Warriors,8.0,31.0,96.0,127.0,55.0,42.9,97.9,29.1,2011,San Francisco city,815.694,622.311,California,53.367,23.0
336,2011-2012,Houston Rockets,7.0,28.0,107.0,135.0,52.0,56.4,108.4,26.6,2011,Houston city,2123.298,506.994,Texas,49.047,34.0
337,2011-2012,Indiana Pacers,24.0,15.0,83.0,98.0,48.0,39.1,87.1,10.9,2011,Indianapolis city,837.05,467.561,Indiana,44.445,42.0
338,2011-2012,Los Angeles Clippers,18.0,29.0,79.0,108.0,62.0,36.9,98.9,9.1,2011,Los Angeles city,3818.812,634.237,California,53.367,40.0
339,2011-2012,Los Angeles Lakers,2.0,74.0,123.0,197.0,76.0,73.2,149.2,47.8,2011,Los Angeles city,3818.812,626.901,California,53.367,41.0
340,2011-2012,Memphis Grizzlies,25.0,15.0,81.0,96.0,63.0,45.5,108.5,-12.5,2011,Memphis city,655.434,518.256,Tennessee,42.279,41.0
341,2011-2012,Miami Heat,6.0,61.0,89.0,150.0,68.0,67.1,135.1,14.9,2011,Miami city,406.607,657.855,Florida,45.105,46.0
342,2011-2012,Milwaukee Bucks,30.0,14.0,73.0,87.0,54.0,33.5,87.5,-0.5,2011,Milwaukee city,597.132,485.717,Wisconsin,52.058,31.0
343,2011-2012,Minnesota Timberwolves,26.0,16.0,80.0,96.0,52.0,48.5,100.5,-4.5,2011,Minneapolis city,388.096,577.197,Minnesota,57.82,26.0
344,2011-2012,New Orleans Pelicans,27.0,22.0,78.0,100.0,59.0,37.7,96.7,3.3,2011,New Orleans city,360.822,498.618,Louisiana,40.658,21.0
345,2011-2012,New York Knicks,1.0,94.0,149.0,243.0,68.0,91.8,159.8,83.2,2011,New York city,8272.864,652.179,New York,50.636,36.0
346,2011-2012,Oklahoma City Thunder,12.0,43.0,84.0,127.0,54.0,43.1,97.1,29.9,2011,Oklahoma city,,600.699,Oklahoma,48.455,47.0
347,2011-2012,Orlando Magic,14.0,35.0,91.0,126.0,76.0,38.0,114.0,12.0,2011,Orlando city,243.531,623.587,Florida,45.105,37.0
348,2011-2012,Philadelphia 76ers,20.0,26.0,81.0,107.0,60.0,47.8,107.8,-0.8,2011,Philadelphia city,1540.615,577.597,Pennsylvania,49.91,35.0
349,2011-2012,Phoenix Suns,13.0,28.0,93.0,121.0,60.0,48.0,108.0,13.0,2011,Phoenix city,1469.77,514.718,Arizona,48.621,33.0
350,2011-2012,Portland Trail Blazers,15.0,31.0,86.0,117.0,70.0,57.1,127.1,-10.1,2011,Portland city,595.61,676.384,Oregon,51.526,28.0
351,2011-2012,Sacramento Kings,11.0,18.0,78.0,96.0,45.0,48.4,93.4,2.6,2011,Sacramento city,470.788,478.764,California,53.367,22.0
352,2011-2012,San Antonio Spurs,10.0,48.0,87.0,135.0,65.0,55.3,120.3,14.7,2011,San Antonio city,1357.807,607.095,Texas,49.047,50.0
353,2011-2012,Toronto Raptors,21.0,31.0,90.0,121.0,49.0,53.2,102.2,18.8,2011,Toronto city,523.4,555.584,Ontario,,23.0
354,2011-2012,Utah Jazz,17.0,31.0,80.0,111.0,54.0,44.9,98.9,12.1,2011,Salt Lake city,,637.124,Utah,55.493,36.0
355,2011-2012,Washington Wizards,23.0,19.0,83.0,102.0,52.0,48.3,100.3,1.7,2011,Washington city,620.29,552.038,District of Columbia,55.251,20.0
356,2012-2013,Atlanta Hawks,27.0,20.0,99.0,119.0,73.0,49.6,,-3.6,2012,Atlanta city,449.118,620.146,Georgia,48.121,44.0
357,2012-2013,Boston Celtics,4.0,62.0,107.0,169.0,79.0,43.2,,46.8,2012,Boston city,643.18,744.96,Massachusetts,63.656,41.0
358,2012-2013,Brooklyn Nets,5.0,54.0,136.0,190.0,4.0,205.0,,-19.0,2012,Brooklyn city,11.106,704.702,New York,47.68,49.0
359,2012-2013,Charlotte Hornets,29.0,19.0,96.0,115.0,64.0,44.0,,7.0,2012,Charlotte city,773.506,628.293,North Carolina,41.553,21.0
360,2012-2013,Chicago Bulls,3.0,64.0,131.0,195.0,75.0,67.8,,52.2,2012,Chicago city,2719.039,896.944,Illinois,51.738,45.0
361,2012-2013,Cleveland Cavaliers,19.0,30.0,115.0,145.0,72.0,62.2,,10.8,2012,Cleveland city,391.767,663.882,Ohio,44.375,24.0
362,2012-2013,Dallas Mavericks,8.0,42.0,120.0,162.0,75.0,49.5,,37.5,2012,Dallas city,1241.95,821.49,Texas,51.926,41.0
363,2012-2013,Denver Nuggets,20.0,35.0,89.0,124.0,75.0,41.0,,8.0,2012,Denver city,634.965,730.616,Colorado,57.255,57.0
364,2012-2013,Detroit Pistons,25.0,19.0,120.0,139.0,76.0,52.7,,10.3,2012,Detroit city,700.289,606.094,Michigan,50.015,29.0
365,2012-2013,Golden State Warriors,9.0,50.0,110.0,160.0,77.0,40.0,,43.0,2012,San Francisco city,828.963,794.32,California,57.02,47.0
366,2012-2013,Houston Rockets,6.0,49.0,142.0,191.0,68.0,59.3,,63.7,2012,Houston city,2158.7,683.564,Texas,51.926,45.0
367,2012-2013,Indiana Pacers,22.0,21.0,100.0,121.0,73.0,36.4,,11.6,2012,Indianapolis city,845.019,626.069,Indiana,46.158,49.0
368,2012-2013,Los Angeles Clippers,13.0,41.0,87.0,128.0,80.0,33.0,,15.0,2012,Los Angeles city,3847.857,788.293,California,57.02,56.0
369,2012-2013,Los Angeles Lakers,2.0,94.0,201.0,295.0,110.0,118.6,,66.4,2012,Los Angeles city,3847.857,778.877,California,57.02,45.0
370,2012-2013,Memphis Grizzlies,24.0,25.0,101.0,126.0,71.0,43.8,,11.2,2012,Memphis city,658.961,681.613,Tennessee,42.995,56.0
371,2012-2013,Miami Heat,7.0,81.0,107.0,188.0,90.0,68.8,,29.2,2012,Miami city,411.149,819.29,Florida,46.071,66.0
372,2012-2013,Milwaukee Bucks,30.0,21.0,88.0,109.0,68.0,29.5,,11.5,2012,Milwaukee city,598.627,616.469,Wisconsin,53.079,38.0
373,2012-2013,Minnesota Timberwolves,26.0,18.0,98.0,116.0,74.0,44.7,,-2.7,2012,Minneapolis city,392.837,669.956,Minnesota,61.795,31.0
374,2012-2013,New Orleans Pelicans,28.0,25.0,91.0,116.0,70.0,34.8,,11.2,2012,New Orleans city,369.947,565.93,Louisiana,39.085,27.0
375,2012-2013,New York Knicks,1.0,125.0,162.0,287.0,89.0,101.7,,96.3,2012,New York city,8346.715,780.353,New York,47.68,54.0
376,2012-2013,Oklahoma City Thunder,11.0,49.0,95.0,144.0,74.0,36.7,,33.3,2012,Oklahoma city,,746.323,Oklahoma,48.407,60.0
377,2012-2013,Orlando Magic,15.0,39.0,100.0,139.0,91.0,35.7,,12.3,2012,Orlando city,249.867,721.414,Florida,46.071,20.0
378,2012-2013,Philadelphia 76ers,23.0,27.0,90.0,117.0,83.0,37.8,,-3.8,2012,Philadelphia city,1552.087,685.412,Pennsylvania,51.904,34.0
379,2012-2013,Phoenix Suns,14.0,32.0,105.0,137.0,65.0,43.8,,28.2,2012,Phoenix city,1499.25,632.913,Arizona,47.044,25.0
380,2012-2013,Portland Trail Blazers,12.0,39.0,101.0,140.0,63.0,47.0,,30.0,2012,Portland city,604.521,813.012,Oregon,51.775,33.0
381,2012-2013,Sacramento Kings,16.0,19.0,96.0,115.0,61.0,41.5,,12.5,2012,Sacramento city,473.43,563.743,California,57.02,28.0
382,2012-2013,San Antonio Spurs,10.0,63.0,104.0,167.0,77.0,50.6,,39.4,2012,San Antonio city,1383.81,755.7,Texas,51.926,58.0
383,2012-2013,Toronto Raptors,18.0,41.0,108.0,149.0,73.0,47.2,,28.8,2012,Toronto city,519.5,743.936,Ontario,,34.0
384,2012-2013,Utah Jazz,17.0,36.0,95.0,131.0,74.0,39.5,,17.5,2012,Salt Lake city,,765.915,Utah,58.341,43.0
385,2012-2013,Washington Wizards,21.0,23.0,99.0,122.0,72.0,43.0,,7.0,2012,Washington city,635.737,670.07,District of Columbia,65.246,29.0
386,2013-2014,Atlanta Hawks,22.0,19.0,114.0,133.0,65.0,53.2,,14.8,2013,Atlanta city,454.148,587.927,Georgia,46.992,38.0
387,2013-2014,Boston Celtics,4.0,58.0,115.0,173.0,77.0,41.1,,54.9,2013,Boston city,653.312,742.4,Massachusetts,62.529,25.0
388,2013-2014,Brooklyn Nets,6.0,64.0,148.0,212.0,115.0,196.4,,-99.4,2013,Brooklyn city,11.082,707.331,New York,49.966,44.0
389,2013-2014,Charlotte Hornets,26.0,21.0,109.0,130.0,79.0,49.8,,1.2,2013,Charlotte city,792.408,636.268,North Carolina,46.337,43.0
390,2013-2014,Chicago Bulls,3.0,65.0,136.0,201.0,73.0,62.7,,65.3,2013,Chicago city,2725.575,890.37,Illinois,53.937,48.0
391,2013-2014,Cleveland Cavaliers,15.0,29.0,120.0,149.0,74.0,54.4,,20.6,2013,Cleveland city,392.04,710.522,Ohio,50.748,33.0
392,2013-2014,Dallas Mavericks,10.0,45.0,123.0,168.0,82.0,55.6,,30.4,2013,Dallas city,1258.58,817.982,Texas,51.406,49.0
393,2013-2014,Denver Nuggets,19.0,30.0,106.0,136.0,77.0,45.0,,14.0,2013,Denver city,649.27,692.898,Colorado,67.912,36.0
394,2013-2014,Detroit Pistons,23.0,19.0,125.0,144.0,69.0,57.4,,17.6,2013,Detroit city,691.986,615.238,Michigan,56.567,29.0
395,2013-2014,Golden State Warriors,7.0,55.0,113.0,168.0,78.0,45.1,,44.9,2013,San Francisco city,839.695,803.436,California,60.794,51.0
396,2013-2014,Houston Rockets,8.0,61.0,114.0,175.0,76.0,61.0,,38.0,2013,Houston city,2196.367,743.082,Texas,51.406,54.0
397,2013-2014,Indiana Pacers,21.0,26.0,113.0,139.0,74.0,40.0,,25.0,2013,Indianapolis city,854.379,717.542,Indiana,49.455,56.0
398,2013-2014,Los Angeles Clippers,5.0,51.0,95.0,146.0,79.0,46.9,,20.1,2013,Los Angeles city,3877.721,787.692,California,60.794,57.0
399,2013-2014,Los Angeles Lakers,1.0,96.0,197.0,293.0,89.0,99.9,,104.1,2013,Los Angeles city,3877.721,771.974,California,60.794,27.0
400,2013-2014,Memphis Grizzlies,25.0,24.0,111.0,135.0,79.0,45.5,,10.5,2013,Memphis city,657.386,685.458,Tennessee,43.361,50.0
401,2013-2014,Miami Heat,9.0,89.0,99.0,188.0,94.0,81.4,,12.6,2013,Miami city,415.666,811.036,Florida,48.532,54.0
402,2013-2014,Milwaukee Bucks,30.0,17.0,93.0,110.0,69.0,29.5,,11.5,2013,Milwaukee city,599.997,552.967,Wisconsin,51.726,15.0
403,2013-2014,Minnesota Timberwolves,29.0,16.0,112.0,128.0,73.0,48.1,,6.9,2013,Minneapolis city,400.189,597.157,Minnesota,64.324,40.0
404,2013-2014,New Orleans Pelicans,28.0,27.0,104.0,131.0,74.0,38.0,,19.0,2013,New Orleans city,378.863,672.029,Louisiana,46.425,34.0
405,2013-2014,New York Knicks,2.0,119.0,159.0,278.0,95.0,129.6,,53.4,2013,New York city,8396.207,812.292,New York,49.966,37.0
406,2013-2014,Oklahoma City Thunder,13.0,54.0,98.0,152.0,78.0,43.2,,30.8,2013,Oklahoma city,,746.323,Oklahoma,46.162,59.0
407,2013-2014,Orlando Magic,18.0,34.0,109.0,143.0,86.0,36.1,,20.9,2013,Orlando city,255.09,666.046,Florida,48.532,23.0
408,2013-2014,Philadelphia 76ers,27.0,22.0,103.0,125.0,60.0,40.6,,24.4,2013,Philadelphia city,1558.713,568.632,Pennsylvania,55.156,19.0
409,2013-2014,Phoenix Suns,16.0,33.0,112.0,145.0,70.0,46.8,,28.2,2013,Phoenix city,1526.505,650.739,Arizona,52.611,48.0
410,2013-2014,Portland Trail Blazers,12.0,44.0,109.0,153.0,88.0,53.3,,11.7,2013,Portland city,610.254,809.612,Oregon,48.999,54.0
411,2013-2014,Sacramento Kings,24.0,27.0,98.0,125.0,69.0,47.1,,8.9,2013,Sacramento city,476.645,667.949,California,60.794,28.0
412,2013-2014,San Antonio Spurs,11.0,66.0,106.0,172.0,71.0,60.1,,40.9,2013,San Antonio city,1409.091,755.031,Texas,51.406,62.0
413,2013-2014,Toronto Raptors,14.0,47.0,104.0,151.0,81.0,52.1,,17.9,2013,Toronto city,516.4,748.339,Ontario,,48.0
414,2013-2014,Utah Jazz,20.0,36.0,106.0,142.0,64.0,45.3,,32.7,2013,Salt Lake city,,745.203,Utah,61.047,25.0
415,2013-2014,Washington Wizards,17.0,27.0,116.0,143.0,86.0,46.9,,10.1,2013,Washington city,651.559,698.068,District of Columbia,60.057,44.0
416,2014-2015,Atlanta Hawks,24.0,30.0,112.0,142.0,67.0,68.0,,7.0,2014,Atlanta city,461.358,713.909,Georgia,49.555,60.0
417,2014-2015,Boston Celtics,4.0,56.0,125.0,181.0,69.0,54.6,,57.4,2014,Boston city,663.26,721.35,Massachusetts,63.151,40.0
418,2014-2015,Brooklyn Nets,7.0,63.0,157.0,220.0,99.0,126.7,,-5.7,2014,Brooklyn city,11.044,698.529,New York,54.31,38.0
419,2014-2015,Charlotte Hornets,26.0,24.0,118.0,142.0,82.0,56.3,,3.7,2014,Charlotte city,807.875,704.886,North Carolina,46.784,33.0
420,2014-2015,Chicago Bulls,3.0,72.0,156.0,228.0,87.0,73.4,,67.6,2014,Chicago city,2726.8,875.091,Illinois,54.916,50.0
421,2014-2015,Cleveland Cavaliers,12.0,52.0,139.0,191.0,87.0,79.2,,24.8,2014,Cleveland city,391.129,843.042,Ohio,49.644,53.0
422,2014-2015,Dallas Mavericks,9.0,45.0,132.0,177.0,90.0,62.7,,24.3,2014,Dallas city,1278.737,827.702,Texas,53.875,50.0
423,2014-2015,Denver Nuggets,21.0,26.0,114.0,140.0,64.0,49.7,,26.3,2014,Denver city,664.54,602.707,Colorado,60.94,30.0
424,2014-2015,Detroit Pistons,22.0,22.0,132.0,154.0,71.0,67.0,,16.0,2014,Detroit city,682.746,625.917,Michigan,52.005,32.0
425,2014-2015,Golden State Warriors,6.0,77.0,124.0,201.0,80.0,63.4,,57.6,2014,San Francisco city,850.918,803.436,California,60.487,67.0
426,2014-2015,Houston Rockets,8.0,75.0,162.0,237.0,85.0,77.4,,74.6,2014,Houston city,2238.653,747.412,Texas,53.875,56.0
427,2014-2015,Indiana Pacers,23.0,20.0,118.0,138.0,75.0,44.0,,19.0,2014,Indianapolis city,859.941,691.434,Indiana,48.06,38.0
428,2014-2015,Los Angeles Clippers,5.0,59.0,117.0,176.0,92.0,63.4,,20.6,2014,Los Angeles city,3904.102,785.892,California,60.487,56.0
429,2014-2015,Los Angeles Lakers,2.0,98.0,206.0,304.0,76.0,94.6,,133.4,2014,Los Angeles city,3904.102,768.244,California,60.487,21.0
430,2014-2015,Memphis Grizzlies,25.0,27.0,120.0,147.0,81.0,55.7,,10.3,2014,Memphis city,655.299,710.502,Tennessee,43.716,55.0
431,2014-2015,Miami Heat,10.0,67.0,113.0,180.0,89.0,70.2,,20.8,2014,Miami city,425.097,808.223,Florida,46.14,37.0
432,2014-2015,Milwaukee Bucks,29.0,24.0,102.0,126.0,71.0,43.4,,11.6,2014,Milwaukee city,600.775,611.226,Wisconsin,58.08,41.0
433,2014-2015,Minnesota Timberwolves,27.0,19.0,127.0,146.0,76.0,54.9,,15.1,2014,Minneapolis city,407.206,595.652,Minnesota,67.244,16.0
434,2014-2015,New Orleans Pelicans,30.0,30.0,112.0,142.0,80.0,42.3,,19.7,2014,New Orleans city,384.228,683.757,Louisiana,42.406,45.0
435,2014-2015,New York Knicks,1.0,128.0,179.0,307.0,88.0,110.1,,108.9,2014,New York city,8433.867,812.292,New York,54.31,17.0
436,2014-2015,Oklahoma City Thunder,17.0,48.0,109.0,157.0,87.0,49.1,,20.9,2014,Oklahoma city,,746.323,Oklahoma,47.199,45.0
437,2014-2015,Orlando Magic,19.0,34.0,109.0,143.0,66.0,41.6,,35.4,2014,Orlando city,262.444,688.194,Florida,46.14,25.0
438,2014-2015,Philadelphia 76ers,28.0,21.0,103.0,124.0,60.0,50.1,,13.9,2014,Philadelphia city,1565.949,571.572,Pennsylvania,55.173,18.0
439,2014-2015,Phoenix Suns,13.0,35.0,119.0,154.0,76.0,56.2,,21.8,2014,Phoenix city,1555.485,693.862,Arizona,49.254,39.0
440,2014-2015,Portland Trail Blazers,15.0,42.0,115.0,157.0,94.0,58.9,,4.1,2014,Portland city,620.975,801.733,Oregon,58.875,51.0
441,2014-2015,Sacramento Kings,18.0,29.0,112.0,141.0,81.0,55.8,,4.2,2014,Sacramento city,481.284,680.049,California,60.487,29.0
442,2014-2015,San Antonio Spurs,11.0,59.0,111.0,170.0,76.0,62.1,,31.9,2014,San Antonio city,1436.214,762.855,Texas,53.875,55.0
443,2014-2015,Toronto Raptors,14.0,48.0,115.0,163.0,87.0,52.5,,23.5,2014,Toronto city,513.6,809.824,Ontario,,49.0
444,2014-2015,Utah Jazz,20.0,36.0,110.0,146.0,67.0,51.5,,27.5,2014,Salt Lake city,,772.059,Utah,63.383,38.0
445,2014-2015,Washington Wizards,16.0,31.0,115.0,146.0,89.0,54.1,,2.9,2014,Washington city,663.603,747.796,District of Columbia,68.277,46.0
446,2015-2016,Atlanta Hawks,23.0,26.0,143.0,169.0,83.0,66.2,149.2,19.8,2015,Atlanta city,468.573,690.15,Georgia,50.768,48.0
447,2015-2016,Boston Celtics,5.0,57.0,143.0,200.0,84.0,55.9,139.9,60.1,2015,Boston city,670.982,749.076,Massachusetts,67.861,48.0
448,2015-2016,Brooklyn Nets,7.0,57.0,166.0,223.0,92.0,115.3,207.3,15.7,2015,Brooklyn city,10.99,620.142,New York,58.005,21.0
449,2015-2016,Charlotte Hornets,28.0,27.0,131.0,158.0,88.0,60.6,148.6,9.4,2015,Charlotte city,826.27,716.894,North Carolina,50.797,48.0
450,2015-2016,Chicago Bulls,4.0,66.0,166.0,232.0,105.0,81.5,186.5,45.5,2015,Chicago city,2724.006,894.659,Illinois,60.413,42.0
451,2015-2016,Cleveland Cavaliers,11.0,67.0,166.0,233.0,131.0,142.2,273.2,-40.2,2015,Cleveland city,389.524,843.042,Ohio,53.301,57.0
452,2015-2016,Dallas Mavericks,9.0,44.0,150.0,194.0,86.0,67.7,153.7,40.3,2015,Dallas city,1300.859,825.901,Texas,56.473,42.0
453,2015-2016,Denver Nuggets,22.0,24.0,133.0,157.0,81.0,54.8,135.8,21.2,2015,Denver city,683.328,577.898,Colorado,66.596,33.0
454,2015-2016,Detroit Pistons,21.0,22.0,150.0,172.0,81.0,69.2,150.2,21.8,2015,Detroit city,679.562,677.138,Michigan,54.203,44.0
455,2015-2016,Golden State Warriors,3.0,134.0,171.0,305.0,111.0,119.8,230.8,74.2,2015,San Francisco city,863.237,803.436,California,63.636,73.0
456,2015-2016,Houston Rockets,8.0,69.0,175.0,244.0,103.0,78.3,181.3,62.7,2015,Houston city,2283.616,737.244,Texas,56.473,41.0
457,2015-2016,Indiana Pacers,24.0,25.0,132.0,157.0,83.0,50.1,133.1,23.9,2015,Indianapolis city,863.592,690.733,Indiana,51.983,45.0
458,2015-2016,Los Angeles Clippers,6.0,56.0,129.0,185.0,116.0,80.8,196.8,-11.8,2015,Los Angeles city,3933.644,786.91,California,63.636,53.0
459,2015-2016,Los Angeles Lakers,2.0,99.0,234.0,333.0,84.0,129.8,213.8,119.2,2015,Los Angeles city,3933.644,778.877,California,63.636,17.0
460,2015-2016,Memphis Grizzlies,26.0,23.0,132.0,155.0,95.0,50.0,145.0,10.0,2015,Memphis city,654.469,684.603,Tennessee,47.33,42.0
461,2015-2016,Miami Heat,10.0,75.0,135.0,210.0,104.0,84.9,188.9,21.1,2015,Miami city,434.703,809.35,Florida,48.825,48.0
462,2015-2016,Milwaukee Bucks,27.0,25.0,121.0,146.0,80.0,42.0,122.0,24.0,2015,Milwaukee city,600.607,621.808,Wisconsin,55.425,33.0
463,2015-2016,Minnesota Timberwolves,29.0,19.0,135.0,154.0,83.0,45.1,128.1,25.9,2015,Minneapolis city,411.21,581.178,Minnesota,68.73,29.0
464,2015-2016,New Orleans Pelicans,30.0,29.0,127.0,156.0,93.0,46.3,139.3,16.7,2015,New Orleans city,390.094,688.549,Louisiana,45.922,30.0
465,2015-2016,New York Knicks,1.0,130.0,246.0,376.0,86.0,148.8,234.8,141.2,2015,New York city,8463.157,812.292,New York,58.005,32.0
466,2015-2016,Oklahoma City Thunder,17.0,59.0,128.0,187.0,122.0,73.4,195.4,-8.4,2015,Oklahoma city,,746.323,Oklahoma,47.077,55.0
467,2015-2016,Orlando Magic,19.0,36.0,130.0,166.0,73.0,48.3,121.3,44.7,2015,Orlando city,270.785,719.275,Florida,48.825,35.0
468,2015-2016,Philadelphia 76ers,25.0,23.0,117.0,140.0,73.0,48.8,121.8,18.2,2015,Philadelphia city,1571.679,610.121,Pennsylvania,60.389,10.0
469,2015-2016,Phoenix Suns,14.0,36.0,137.0,173.0,85.0,61.7,146.7,26.3,2015,Phoenix city,1583.76,701.405,Arizona,52.248,23.0
470,2015-2016,Portland Trail Blazers,16.0,45.0,133.0,178.0,72.0,64.8,136.8,41.2,2015,Portland city,631.945,794.085,Oregon,60.834,44.0
471,2015-2016,Sacramento Kings,15.0,31.0,133.0,164.0,84.0,61.6,145.6,18.4,2015,Sacramento city,486.741,707.526,California,63.636,33.0
472,2015-2016,San Antonio Spurs,12.0,62.0,125.0,187.0,98.0,70.6,168.6,18.4,2015,San Antonio city,1464.839,756.445,Texas,56.473,67.0
473,2015-2016,Toronto Raptors,13.0,57.0,136.0,193.0,83.0,63.9,146.9,46.1,2015,Toronto city,510.4,812.863,Ontario,,56.0
474,2015-2016,Utah Jazz,20.0,37.0,127.0,164.0,74.0,54.0,128.0,36.0,2015,Salt Lake city,,791.489,Utah,66.258,40.0
475,2015-2016,Washington Wizards,18.0,30.0,125.0,155.0,95.0,53.4,148.4,6.6,2015,Washington city,677.014,725.426,District of Columbia,70.071,41.0
476,2016-2017,Atlanta Hawks,23.0,27.0,182.0,209.0,119.0,68.0,187.0,22.0,2016,Atlanta city,479.59,654.306,Georgia,53.527,43.0
477,2016-2017,Boston Celtics,5.0,79.0,178.0,257.0,107.0,65.0,172.0,85.0,2016,Boston city,680.218,760.69,Massachusetts,72.266,53.0
478,2016-2017,Brooklyn Nets,6.0,57.0,216.0,273.0,96.0,125.0,221.0,52.0,2016,Brooklyn city,10.931,632.608,New York,61.437,20.0
479,2016-2017,Charlotte Hornets,28.0,26.0,176.0,202.0,115.0,66.0,181.0,21.0,2016,Charlotte city,843.989,710.643,North Carolina,53.764,36.0
480,2016-2017,Chicago Bulls,4.0,71.0,210.0,281.0,105.0,81.0,186.0,95.0,2016,Chicago city,2716.297,888.882,Illinois,61.386,41.0
481,2016-2017,Cleveland Cavaliers,15.0,76.0,204.0,280.0,149.0,137.2,286.2,-6.2,2016,Cleveland city,387.885,843.042,Ohio,53.985,51.0
482,2016-2017,Dallas Mavericks,9.0,42.0,191.0,233.0,127.0,85.0,212.0,21.0,2016,Dallas city,1323.587,811.366,Texas,58.146,33.0
483,2016-2017,Denver Nuggets,24.0,26.0,176.0,202.0,95.0,58.0,153.0,49.0,2016,Denver city,696.273,605.585,Colorado,70.566,40.0
484,2016-2017,Detroit Pistons,25.0,22.0,199.0,221.0,123.0,76.0,199.0,22.0,2016,Detroit city,677.379,655.141,Michigan,57.091,37.0
485,2016-2017,Golden State Warriors,3.0,143.0,216.0,359.0,119.0,120.0,239.0,120.0,2016,San Francisco city,871.343,803.436,California,66.637,67.0
486,2016-2017,Houston Rockets,7.0,74.0,222.0,296.0,108.0,93.0,201.0,95.0,2016,Houston city,2306.36,695.903,Texas,58.146,55.0
487,2016-2017,Indiana Pacers,22.0,26.0,179.0,205.0,106.0,70.0,176.0,29.0,2016,Indianapolis city,869.03,684.578,Indiana,56.094,42.0
488,2016-2017,Los Angeles Clippers,8.0,67.0,190.0,257.0,137.0,85.0,222.0,35.0,2016,Los Angeles city,3957.52,782.609,California,66.637,51.0
489,2016-2017,Los Angeles Lakers,2.0,93.0,278.0,371.0,108.0,127.0,235.0,136.0,2016,Los Angeles city,3957.52,776.917,California,66.637,26.0
490,2016-2017,Memphis Grizzlies,29.0,25.0,181.0,206.0,125.0,66.0,191.0,15.0,2016,Memphis city,653.026,677.314,Tennessee,51.344,43.0
491,2016-2017,Miami Heat,10.0,68.0,185.0,253.0,104.0,86.0,190.0,63.0,2016,Miami city,448.789,805.4,Florida,51.176,41.0
492,2016-2017,Milwaukee Bucks,26.0,28.0,151.0,179.0,109.0,50.0,159.0,20.0,2016,Milwaukee city,597.179,648.952,Wisconsin,59.817,42.0
493,2016-2017,Minnesota Timberwolves,27.0,23.0,181.0,204.0,96.0,55.0,151.0,53.0,2016,Minneapolis city,415.315,607.203,Minnesota,70.218,31.0
494,2016-2017,New Orleans Pelicans,30.0,30.0,174.0,204.0,117.0,50.0,167.0,37.0,2016,New Orleans city,392.265,663.099,Louisiana,42.196,34.0
495,2016-2017,New York Knicks,1.0,130.0,296.0,426.0,117.0,169.0,286.0,140.0,2016,New York city,8468.954,810.741,New York,61.437,31.0
496,2016-2017,Oklahoma City Thunder,18.0,57.0,165.0,222.0,102.0,56.0,158.0,64.0,2016,Oklahoma city,,746.323,Oklahoma,50.943,47.0
497,2016-2017,Orlando Magic,19.0,35.0,176.0,211.0,119.0,53.0,172.0,39.0,2016,Orlando city,278.667,727.875,Florida,51.176,29.0
498,2016-2017,Philadelphia 76ers,21.0,26.0,158.0,184.0,89.0,55.0,144.0,40.0,2016,Philadelphia city,1576.604,710.557,Pennsylvania,60.979,28.0
499,2016-2017,Phoenix Suns,17.0,36.0,182.0,218.0,96.0,91.0,187.0,31.0,2016,Phoenix city,1612.303,708.639,Arizona,57.1,24.0
500,2016-2017,Portland Trail Blazers,16.0,47.0,176.0,223.0,12.0,186.0,198.0,25.0,2016,Portland city,643.065,792.029,Oregon,59.135,41.0
501,2016-2017,Sacramento Kings,13.0,51.0,189.0,240.0,109.0,81.0,190.0,50.0,2016,Sacramento city,492.284,721.928,California,66.637,32.0
502,2016-2017,San Antonio Spurs,11.0,78.0,181.0,259.0,123.0,77.0,200.0,59.0,2016,San Antonio city,1488.5,755.347,Texas,58.146,61.0
503,2016-2017,Toronto Raptors,12.0,65.0,185.0,250.0,121.0,78.0,199.0,51.0,2016,Toronto city,506.8,813.05,Ontario,,51.0
504,2016-2017,Utah Jazz,20.0,43.0,178.0,221.0,95.0,65.0,160.0,61.0,2016,Salt Lake city,,806.605,Utah,67.481,51.0
505,2016-2017,Washington Wizards,14.0,48.0,174.0,222.0,119.0,82.0,201.0,21.0,2016,Washington city,687.576,697.107,District of Columbia,70.982,49.0
506,2017-2018,Atlanta Hawks,24.0,23.0,192.0,215.0,105.0,68.0,173.0,42.0,2017,Atlanta city,492.121,590.769,Georgia,57.985,24.0
507,2017-2018,Boston Celtics,5.0,88.0,199.0,287.0,114.0,73.0,187.0,100.0,2017,Boston city,688.239,744.96,Massachusetts,76.243,55.0
508,2017-2018,Brooklyn Nets,6.0,61.0,229.0,290.0,106.0,131.0,237.0,53.0,2017,Brooklyn city,10.858,622.278,New York,61.543,28.0
509,2017-2018,Charlotte Hornets,28.0,27.0,186.0,213.0,127.0,64.0,191.0,22.0,2017,Charlotte city,861.17,671.404,North Carolina,49.547,36.0
510,2017-2018,Chicago Bulls,4.0,62.0,225.0,287.0,96.0,77.0,173.0,114.0,2017,Chicago city,2710.456,851.824,Illinois,65.969,27.0
511,2017-2018,Cleveland Cavaliers,25.0,77.0,225.0,302.0,152.0,163.0,315.0,-13.0,2017,Cleveland city,385.49,843.042,Ohio,60.688,50.0
512,2017-2018,Dallas Mavericks,8.0,43.0,244.0,287.0,92.0,96.0,188.0,99.0,2017,Dallas city,1342.275,811.453,Texas,60.092,24.0
513,2017-2018,Denver Nuggets,21.0,33.0,189.0,222.0,116.0,59.0,175.0,47.0,2017,Denver city,704.869,702.796,Colorado,74.984,46.0
514,2017-2018,Detroit Pistons,26.0,44.0,191.0,235.0,127.0,56.0,183.0,52.0,2017,Detroit city,675.031,713.945,Michigan,56.405,39.0
515,2017-2018,Golden State Warriors,3.0,164.0,237.0,401.0,147.0,151.0,298.0,103.0,2017,San Francisco city,877.471,803.436,California,70.038,58.0
516,2017-2018,Houston Rockets,7.0,91.0,235.0,326.0,130.0,93.0,223.0,103.0,2017,Houston city,2313.079,716.008,Texas,60.092,65.0
517,2017-2018,Indiana Pacers,20.0,28.0,194.0,222.0,104.0,68.0,172.0,50.0,2017,Indianapolis city,873.824,658.119,Indiana,58.767,48.0
518,2017-2018,Los Angeles Clippers,9.0,57.0,201.0,258.0,135.0,83.0,218.0,40.0,2017,Los Angeles city,3975.067,697.812,California,70.038,42.0
519,2017-2018,Los Angeles Lakers,2.0,96.0,299.0,395.0,112.0,136.0,248.0,147.0,2017,Los Angeles city,3975.067,776.327,California,70.038,35.0
520,2017-2018,Memphis Grizzlies,30.0,22.0,191.0,213.0,121.0,65.0,186.0,27.0,2017,Memphis city,651.398,653.863,Tennessee,55.306,22.0
521,2017-2018,Miami Heat,10.0,76.0,183.0,259.0,131.0,88.0,219.0,40.0,2017,Miami city,455.925,785.25,Florida,53.086,44.0
522,2017-2018,Milwaukee Bucks,22.0,35.0,169.0,204.0,127.0,52.0,179.0,25.0,2017,Milwaukee city,594.154,685.303,Wisconsin,63.482,44.0
523,2017-2018,Minnesota Timberwolves,27.0,36.0,187.0,223.0,120.0,56.0,176.0,47.0,2017,Minneapolis city,421.177,699.308,Minnesota,69.975,47.0
524,2017-2018,New Orleans Pelicans,29.0,38.0,176.0,214.0,133.0,52.0,185.0,29.0,2017,New Orleans city,391.819,673.92,Louisiana,43.565,48.0
525,2017-2018,New York Knicks,1.0,127.0,316.0,443.0,115.0,173.0,288.0,155.0,2017,New York city,8437.695,792.608,New York,61.543,29.0
526,2017-2018,Oklahoma City Thunder,18.0,60.0,181.0,241.0,146.0,85.0,231.0,10.0,2017,Oklahoma city,,746.323,Oklahoma,51.882,48.0
527,2017-2018,Orlando Magic,23.0,35.0,188.0,223.0,108.0,51.0,159.0,64.0,2017,Orlando city,282.074,715.728,Florida,53.086,25.0
528,2017-2018,Philadelphia 76ers,12.0,59.0,209.0,268.0,105.0,95.0,200.0,68.0,2017,Philadelphia city,1581.699,833.503,Pennsylvania,61.285,52.0
529,2017-2018,Phoenix Suns,17.0,36.0,199.0,235.0,97.0,91.0,188.0,47.0,2017,Phoenix city,1633.704,674.655,Arizona,59.7,21.0
530,2017-2018,Portland Trail Blazers,14.0,49.0,197.0,246.0,136.0,70.0,206.0,40.0,2017,Portland city,648.176,795.328,Oregon,62.498,49.0
531,2017-2018,Sacramento Kings,15.0,51.0,212.0,263.0,103.0,88.0,191.0,72.0,2017,Sacramento city,498.386,649.571,California,70.038,27.0
532,2017-2018,San Antonio Spurs,13.0,73.0,189.0,262.0,126.0,73.0,199.0,63.0,2017,San Antonio city,1511.566,754.562,Texas,60.092,47.0
533,2017-2018,Toronto Raptors,11.0,74.0,201.0,275.0,127.0,72.0,199.0,76.0,2017,Toronto city,501.2,813.431,Ontario,,59.0
534,2017-2018,Utah Jazz,19.0,57.0,186.0,243.0,120.0,64.0,184.0,59.0,2017,Salt Lake city,,734.806,Utah,69.789,48.0
535,2017-2018,Washington Wizards,16.0,54.0,201.0,255.0,136.0,85.0,221.0,34.0,2017,Washington city,697.079,718.946,District of Columbia,81.282,43.0
536,2018-2019,Atlanta Hawks,23.0,32.0,219.0,251.0,95.0,78.0,173.0,78.0,2018,Atlanta city,498.772,628.44,Georgia,55.821,29.0
537,2018-2019,Boston Celtics,5.0,85.0,219.0,304.0,139.0,77.0,216.0,88.0,2018,Boston city,692.048,763.584,Massachusetts,86.345,49.0
538,2018-2019,Brooklyn Nets,7.0,60.0,244.0,304.0,135.0,127.0,262.0,42.0,2018,Brooklyn city,10.79,612.597,New York,67.274,42.0
539,2018-2019,Charlotte Hornets,25.0,28.0,212.0,240.0,127.0,74.0,201.0,39.0,2018,Charlotte city,874.187,676.57,North Carolina,53.369,39.0
540,2018-2019,Chicago Bulls,4.0,61.0,240.0,301.0,151.0,47.0,198.0,103.0,2018,Chicago city,2700.968,823.475,Illinois,70.145,22.0
541,2018-2019,Cleveland Cavaliers,24.0,69.0,231.0,300.0,137.0,124.0,261.0,39.0,2018,Cleveland city,383.408,793.337,Ohio,61.633,19.0
542,2018-2019,Dallas Mavericks,9.0,52.0,255.0,307.0,108.0,94.0,202.0,105.0,2018,Dallas city,1341.692,820.569,Texas,59.785,33.0
543,2018-2019,Denver Nuggets,18.0,47.0,205.0,252.0,131.0,69.0,200.0,52.0,2018,Denver city,716.34,756.457,Colorado,73.034,54.0
544,2018-2019,Detroit Pistons,26.0,47.0,208.0,255.0,138.0,65.0,203.0,52.0,2018,Detroit city,673.658,675.963,Michigan,60.449,41.0
545,2018-2019,Golden State Warriors,3.0,178.0,262.0,440.0,156.0,175.0,331.0,109.0,2018,San Francisco city,879.676,803.436,California,70.489,57.0
546,2018-2019,Houston Rockets,8.0,97.0,251.0,348.0,146.0,92.0,238.0,110.0,2018,Houston city,2314.478,740.392,Texas,59.785,53.0
547,2018-2019,Indiana Pacers,22.0,32.0,211.0,243.0,119.0,69.0,188.0,55.0,2018,Indianapolis city,881.345,689.31,Indiana,59.892,48.0
548,2018-2019,Los Angeles Clippers,6.0,64.0,218.0,282.0,128.0,81.0,209.0,73.0,2018,Los Angeles city,3981.14,710.327,California,70.489,48.0
549,2018-2019,Los Angeles Lakers,2.0,104.0,330.0,434.0,120.0,136.0,256.0,178.0,2018,Los Angeles city,3981.14,778.877,California,70.489,37.0
550,2018-2019,Memphis Grizzlies,30.0,20.0,204.0,224.0,136.0,64.0,200.0,24.0,2018,Memphis city,651.7,607.564,Tennessee,56.06,33.0
551,2018-2019,Miami Heat,12.0,70.0,224.0,294.0,144.0,92.0,236.0,58.0,2018,Miami city,461.962,805.264,Florida,54.644,39.0
552,2018-2019,Milwaukee Bucks,19.0,65.0,218.0,283.0,126.0,88.0,214.0,69.0,2018,Milwaukee city,591.961,721.692,Wisconsin,62.629,60.0
553,2018-2019,Minnesota Timberwolves,28.0,33.0,201.0,234.0,132.0,56.0,188.0,46.0,2018,Minneapolis city,424.31,627.543,Minnesota,71.817,36.0
554,2018-2019,New Orleans Pelicans,29.0,33.0,191.0,224.0,127.0,48.0,175.0,49.0,2018,New Orleans city,391.506,656.183,Louisiana,49.973,33.0
555,2018-2019,New York Knicks,1.0,132.0,340.0,472.0,134.0,181.0,315.0,157.0,2018,New York city,8396.614,779.087,New York,67.274,17.0
556,2018-2019,Oklahoma City Thunder,20.0,63.0,195.0,258.0,162.0,119.0,281.0,-23.0,2018,Oklahoma city,,746.323,Oklahoma,54.434,49.0
557,2018-2019,Orlando Magic,27.0,43.0,201.0,244.0,120.0,54.0,174.0,70.0,2018,Orlando city,286.233,720.024,Florida,54.644,42.0
558,2018-2019,Philadelphia 76ers,11.0,71.0,229.0,300.0,117.0,93.0,210.0,90.0,2018,Philadelphia city,1586.422,838.092,Pennsylvania,64.524,51.0
559,2018-2019,Phoenix Suns,17.0,34.0,212.0,246.0,115.0,89.0,204.0,42.0,2018,Phoenix city,1655.082,627.023,Arizona,62.283,19.0
560,2018-2019,Portland Trail Blazers,13.0,67.0,220.0,287.0,143.0,93.0,236.0,51.0,2018,Portland city,651.154,799.345,Oregon,69.165,53.0
561,2018-2019,Sacramento Kings,15.0,60.0,226.0,286.0,107.0,98.0,205.0,81.0,2018,Sacramento city,504.185,700.975,California,70.489,39.0
562,2018-2019,San Antonio Spurs,14.0,76.0,209.0,285.0,142.0,77.0,219.0,66.0,2018,San Antonio city,1530.829,750.616,Texas,59.785,48.0
563,2018-2019,Toronto Raptors,10.0,101.0,233.0,334.0,146.0,109.0,255.0,79.0,2018,Toronto city,496.7,812.822,Ontario,,58.0
564,2018-2019,Utah Jazz,21.0,58.0,200.0,258.0,129.0,66.0,195.0,63.0,2018,Salt Lake city,,750.546,Utah,77.067,50.0
565,2018-2019,Washington Wizards,16.0,53.0,216.0,269.0,142.0,72.0,214.0,55.0,2018,Washington city,704.147,716.996,District of Columbia,85.75,32.0
566,2019-2020,Atlanta Hawks,24.0,31.0,191.0,222.0,111.0,75.0,186.0,36.0,2019,Atlanta city,507.301,,Georgia,56.628,20.0
567,2019-2020,Boston Celtics,5.0,67.0,207.0,274.0,109.0,79.0,188.0,86.0,2019,Boston city,694.661,,Massachusetts,87.707,48.0
568,2019-2020,Brooklyn Nets,7.0,54.0,226.0,280.0,198.0,38.0,236.0,44.0,2019,Brooklyn city,10.719,,New York,71.855,35.0
569,2019-2020,Charlotte Hornets,25.0,20.0,195.0,215.0,114.0,65.0,179.0,36.0,2019,Charlotte city,887.928,,North Carolina,61.159,23.0
570,2019-2020,Chicago Bulls,4.0,65.0,235.0,300.0,106.0,79.0,185.0,115.0,2019,Chicago city,2691.497,,Illinois,74.399,22.0
571,2019-2020,Cleveland Cavaliers,22.0,54.0,215.0,269.0,120.0,103.0,223.0,46.0,2019,Cleveland city,381.386,,Ohio,64.663,19.0
572,2019-2020,Dallas Mavericks,9.0,53.0,242.0,295.0,112.0,99.0,211.0,84.0,2019,Dallas city,1343.192,,Texas,67.444,43.0
573,2019-2020,Denver Nuggets,19.0,37.0,181.0,218.0,123.0,68.0,191.0,27.0,2019,Denver city,725.508,,Colorado,72.499,46.0
574,2019-2020,Detroit Pistons,27.0,32.0,195.0,227.0,123.0,59.0,182.0,45.0,2019,Detroit city,670.442,,Michigan,64.119,20.0
575,2019-2020,Golden State Warriors,2.0,150.0,324.0,474.0,129.0,145.0,274.0,200.0,2019,San Francisco city,878.826,,California,78.105,15.0
576,2019-2020,Houston Rockets,8.0,73.0,235.0,308.0,124.0,90.0,214.0,94.0,2019,Houston city,2315.72,,Texas,67.444,44.0
577,2019-2020,Indiana Pacers,23.0,31.0,186.0,217.0,106.0,72.0,178.0,39.0,2019,Indianapolis city,885.522,,Indiana,66.693,45.0
578,2019-2020,Los Angeles Clippers,6.0,51.0,211.0,262.0,122.0,83.0,205.0,57.0,2019,Los Angeles city,3982.885,,California,78.105,49.0
579,2019-2020,Los Angeles Lakers,3.0,80.0,320.0,400.0,114.0,131.0,245.0,155.0,2019,Los Angeles city,3982.885,,California,78.105,52.0
580,2019-2020,Memphis Grizzlies,30.0,18.0,192.0,210.0,118.0,70.0,188.0,22.0,2019,Memphis city,650.998,,Tennessee,56.627,34.0
581,2019-2020,Miami Heat,12.0,56.0,210.0,266.0,126.0,102.0,228.0,38.0,2019,Miami city,467.103,,Florida,58.368,44.0
582,2019-2020,Milwaukee Bucks,20.0,46.0,193.0,239.0,125.0,87.0,212.0,27.0,2019,Milwaukee city,590.952,,Wisconsin,67.355,56.0
583,2019-2020,Minnesota Timberwolves,28.0,24.0,190.0,214.0,126.0,56.0,182.0,32.0,2019,Minneapolis city,428.821,,Minnesota,81.426,19.0
584,2019-2020,New Orleans Pelicans,29.0,28.0,181.0,209.0,111.0,54.0,165.0,44.0,2019,New Orleans city,391.172,,Louisiana,51.707,30.0
585,2019-2020,New York Knicks,1.0,108.0,313.0,421.0,103.0,140.0,243.0,178.0,2019,New York city,8342.925,,New York,71.855,21.0
586,2019-2020,Oklahoma City Thunder,21.0,52.0,184.0,236.0,123.0,62.0,185.0,51.0,2019,Oklahoma city,,,Oklahoma,59.397,44.0
587,2019-2020,Orlando Magic,26.0,33.0,185.0,218.0,122.0,59.0,181.0,37.0,2019,Orlando city,287.73,,Florida,58.368,33.0
588,2019-2020,Philadelphia 76ers,11.0,48.0,211.0,259.0,120.0,88.0,208.0,51.0,2019,Philadelphia city,1584.439,,Pennsylvania,70.582,43.0
589,2019-2020,Phoenix Suns,17.0,30.0,192.0,222.0,112.0,90.0,202.0,20.0,2019,Phoenix city,1682.933,,Arizona,70.674,34.0
590,2019-2020,Portland Trail Blazers,13.0,48.0,192.0,240.0,133.0,80.0,213.0,27.0,2019,Portland city,654.378,,Oregon,74.413,35.0
591,2019-2020,Sacramento Kings,15.0,45.0,200.0,245.0,100.0,100.0,200.0,45.0,2019,Sacramento city,509.748,,California,78.105,31.0
592,2019-2020,San Antonio Spurs,14.0,55.0,200.0,255.0,115.0,77.0,192.0,63.0,2019,San Antonio city,1547.256,,Texas,67.444,32.0
593,2019-2020,Toronto Raptors,10.0,57.0,207.0,264.0,115.0,70.0,185.0,79.0,2019,Toronto city,494.0,,Ontario,,53.0
594,2019-2020,Utah Jazz,18.0,46.0,180.0,226.0,116.0,68.0,184.0,42.0,2019,Salt Lake city,,,Utah,84.523,44.0
595,2019-2020,Washington Wizards,16.0,37.0,194.0,231.0,117.0,75.0,192.0,39.0,2019,Washington city,708.253,,District of Columbia,93.111,25.0
596,2020-2021,Atlanta Hawks,21.0,53.0,229.0,282.0,121.0,77.0,198.0,84.0,2020,Atlanta city,512.55,,Georgia,59.265,41.0
597,2020-2021,Boston Celtics,5.0,125.0,236.0,361.0,137.0,87.0,224.0,137.0,2020,Boston city,691.531,,Massachusetts,87.812,36.0
598,2020-2021,Brooklyn Nets,7.0,76.0,329.0,405.0,174.0,265.0,439.0,-34.0,2020,Brooklyn city,10.637,,New York,68.659,48.0
599,2020-2021,Charlotte Hornets,27.0,31.0,238.0,269.0,105.0,70.0,175.0,94.0,2020,Charlotte city,900.35,,North Carolina,60.43,33.0
600,2020-2021,Chicago Bulls,4.0,92.0,260.0,352.0,117.0,100.0,217.0,135.0,2020,Chicago city,2677.643,,Illinois,74.334,31.0
601,2020-2021,Cleveland Cavaliers,17.0,77.0,248.0,325.0,128.0,123.0,251.0,74.0,2020,Cleveland city,378.589,,Ohio,60.379,22.0
602,2020-2021,Dallas Mavericks,8.0,105.0,259.0,364.0,117.0,104.0,221.0,143.0,2020,Dallas city,1343.266,,Texas,68.404,42.0
603,2020-2021,Denver Nuggets,22.0,50.0,223.0,273.0,138.0,68.0,206.0,67.0,2020,Denver city,735.538,,Colorado,83.777,47.0
604,2020-2021,Detroit Pistons,23.0,39.0,239.0,278.0,127.0,59.0,186.0,92.0,2020,Detroit city,665.369,,Michigan,64.392,20.0
605,2020-2021,Golden State Warriors,1.0,257.0,508.0,765.0,169.0,390.0,559.0,206.0,2020,San Francisco city,866.606,,California,77.652,39.0
606,2020-2021,Houston Rockets,9.0,86.0,264.0,350.0,128.0,109.0,237.0,113.0,2020,Houston city,2316.12,,Texas,68.404,17.0
607,2020-2021,Indiana Pacers,26.0,32.0,232.0,264.0,127.0,72.0,199.0,65.0,2020,Indianapolis city,887.756,,Indiana,66.805,34.0
608,2020-2021,Los Angeles Clippers,6.0,59.0,303.0,362.0,169.0,181.0,350.0,12.0,2020,Los Angeles city,3970.219,,California,77.652,47.0
609,2020-2021,Los Angeles Lakers,3.0,102.0,363.0,465.0,163.0,187.0,350.0,115.0,2020,Los Angeles city,3970.219,,California,77.652,42.0
610,2020-2021,Memphis Grizzlies,29.0,44.0,228.0,272.0,93.0,72.0,165.0,107.0,2020,Memphis city,649.705,,Tennessee,54.975,38.0
611,2020-2021,Miami Heat,12.0,111.0,215.0,326.0,138.0,105.0,243.0,83.0,2020,Miami city,471.525,,Florida,57.763,40.0
612,2020-2021,Milwaukee Bucks,15.0,85.0,267.0,352.0,151.0,150.0,301.0,51.0,2020,Milwaukee city,589.067,,Wisconsin,67.405,46.0
613,2020-2021,Minnesota Timberwolves,28.0,44.0,227.0,271.0,134.0,50.0,184.0,87.0,2020,Minneapolis city,433.111,,Minnesota,78.753,23.0
614,2020-2021,New Orleans Pelicans,30.0,47.0,221.0,268.0,121.0,53.0,174.0,94.0,2020,New Orleans city,389.476,,Louisiana,51.186,31.0
615,2020-2021,New York Knicks,2.0,133.0,319.0,452.0,111.0,186.0,297.0,155.0,2020,New York city,8253.213,,New York,68.659,41.0
616,2020-2021,Oklahoma City Thunder,24.0,45.0,229.0,274.0,77.0,68.0,145.0,129.0,2020,Oklahoma city,,,Oklahoma,52.471,22.0
617,2020-2021,Orlando Magic,25.0,38.0,234.0,272.0,111.0,63.0,174.0,98.0,2020,Orlando city,289.457,,Florida,57.763,21.0
618,2020-2021,Philadelphia 76ers,10.0,83.0,262.0,345.0,143.0,115.0,258.0,87.0,2020,Philadelphia city,1578.487,,Pennsylvania,70.789,49.0
619,2020-2021,Phoenix Suns,13.0,76.0,226.0,302.0,108.0,107.0,215.0,87.0,2020,Phoenix city,1708.127,,Arizona,67.088,51.0
620,2020-2021,Portland Trail Blazers,16.0,54.0,237.0,291.0,134.0,76.0,210.0,81.0,2020,Portland city,656.751,,Oregon,76.855,42.0
621,2020-2021,Sacramento Kings,18.0,60.0,219.0,279.0,141.0,109.0,250.0,29.0,2020,Sacramento city,512.838,,California,77.652,31.0
622,2020-2021,San Antonio Spurs,20.0,69.0,237.0,306.0,118.0,89.0,207.0,99.0,2020,San Antonio city,1567.118,,Texas,68.404,33.0
623,2020-2021,Toronto Raptors,11.0,55.0,244.0,299.0,137.0,76.0,213.0,86.0,2020,Toronto city,490.2,,Ontario,,27.0
624,2020-2021,Utah Jazz,19.0,68.0,240.0,308.0,151.0,99.0,250.0,58.0,2020,Salt Lake city,,,Utah,83.993,52.0
625,2020-2021,Washington Wizards,14.0,47.0,244.0,291.0,130.0,71.0,201.0,90.0,2020,Washington city,712.816,,District of Columbia,88.218,34.0
